time_period,location,location_name,disease_cases,dewpoint_temperature,evi,max_temperature,mean_temperature,min_temperature,ndvi,rainfall_chirps,rainfall_era5,rainfall_iri,relative_humidity,district,year,month,season_label,population,irs_allocated
2013-01,BzhJzdAGARk,Gihango,54.0,12.4,1.18,24.1,16.5,12.3,0.55,74.49,222.9,97.75,76.9,sFGfRP4wPqe,2013,1,2012,23751.0,0.0
2013-02,BzhJzdAGARk,Gihango,39.0,12.0,1.18,24.1,16.7,11.9,0.67,78.85,184.78,54.0,73.8,sFGfRP4wPqe,2013,2,2012,23751.0,0.0
2013-03,BzhJzdAGARk,Gihango,28.0,12.9,1.18,23.2,16.3,12.2,0.6,217.04,311.44,158.25,80.6,sFGfRP4wPqe,2013,3,2012,23751.0,0.0
2013-04,BzhJzdAGARk,Gihango,21.0,13.0,1.18,22.6,16.0,11.2,0.44,146.58,272.59,117.75,82.5,sFGfRP4wPqe,2013,4,2012,23751.0,0.0
2013-05,BzhJzdAGARk,Gihango,32.0,11.4,1.18,23.4,15.9,11.6,0.69,101.75,108.38,44.75,74.8,sFGfRP4wPqe,2013,5,2012,23751.0,0.0
2013-06,BzhJzdAGARk,Gihango,104.0,9.0,1.18,22.9,16.2,10.8,0.65,17.07,5.84,0.0,62.4,sFGfRP4wPqe,2013,6,2012,23751.0,0.0
2013-07,BzhJzdAGARk,Gihango,166.0,8.0,1.18,22.6,16.3,12.3,0.57,8.28,2.95,0.0,57.9,sFGfRP4wPqe,2013,7,2012,23751.0,0.0
2013-08,BzhJzdAGARk,Gihango,197.0,9.2,1.18,22.8,16.1,12.3,0.52,57.53,39.29,28.0,63.4,sFGfRP4wPqe,2013,8,2013,23751.0,0.0
2013-09,BzhJzdAGARk,Gihango,142.0,11.3,1.18,23.0,15.8,10.6,0.51,120.1,168.99,85.75,75.0,sFGfRP4wPqe,2013,9,2013,23751.0,0.0
2013-10,BzhJzdAGARk,Gihango,156.0,11.4,1.18,23.3,15.7,10.8,0.59,72.68,139.93,58.5,75.5,sFGfRP4wPqe,2013,10,2013,23751.0,0.0
2013-11,BzhJzdAGARk,Gihango,506.0,12.1,1.18,22.6,15.3,11.0,0.47,105.41,256.4,113.75,81.4,sFGfRP4wPqe,2013,11,2013,23751.0,0.0
2013-12,BzhJzdAGARk,Gihango,268.0,12.3,1.18,22.4,15.6,11.7,0.63,131.79,342.49,84.5,80.7,sFGfRP4wPqe,2013,12,2013,23751.0,0.0
2014-01,BzhJzdAGARk,Gihango,262.0,12.1,1.18,23.2,16.1,11.3,0.46,67.77,238.91,141.0,77.3,sFGfRP4wPqe,2014,1,2013,24321.0,0.0
2014-02,BzhJzdAGARk,Gihango,244.0,12.5,1.18,23.9,16.3,12.1,0.57,142.63,290.31,110.75,78.4,sFGfRP4wPqe,2014,2,2013,24321.0,0.0
2014-03,BzhJzdAGARk,Gihango,98.0,12.5,1.18,22.8,16.2,11.6,0.6,155.77,203.63,131.75,78.7,sFGfRP4wPqe,2014,3,2013,24321.0,0.0
2014-04,BzhJzdAGARk,Gihango,79.0,12.5,1.18,23.3,15.9,11.9,0.6,135.56,138.3,118.75,80.2,sFGfRP4wPqe,2014,4,2013,24321.0,0.0
2014-05,BzhJzdAGARk,Gihango,184.0,11.2,1.18,23.4,16.2,12.2,0.6,51.46,66.28,45.0,72.0,sFGfRP4wPqe,2014,5,2013,24321.0,0.0
2014-06,BzhJzdAGARk,Gihango,404.0,10.1,1.18,23.0,16.1,11.2,0.65,43.22,40.85,37.25,67.4,sFGfRP4wPqe,2014,6,2013,24321.0,0.0
2014-07,BzhJzdAGARk,Gihango,264.0,8.9,1.18,23.1,16.1,11.0,0.59,15.49,18.42,18.5,62.3,sFGfRP4wPqe,2014,7,2013,24321.0,0.0
2014-08,BzhJzdAGARk,Gihango,309.0,10.6,1.18,22.3,15.6,11.4,0.45,36.08,96.21,94.5,72.2,sFGfRP4wPqe,2014,8,2014,24321.0,0.0
2014-09,BzhJzdAGARk,Gihango,506.0,11.2,1.18,22.5,15.7,11.5,0.56,89.92,147.69,81.75,74.7,sFGfRP4wPqe,2014,9,2014,24321.0,0.0
2014-10,BzhJzdAGARk,Gihango,841.0,11.8,1.18,23.8,15.9,10.5,0.51,106.65,245.18,263.25,76.6,sFGfRP4wPqe,2014,10,2014,24321.0,0.0
2014-11,BzhJzdAGARk,Gihango,955.0,12.1,1.18,22.9,15.8,11.4,0.58,127.16,211.77,170.5,79.0,sFGfRP4wPqe,2014,11,2014,24321.0,0.0
2014-12,BzhJzdAGARk,Gihango,1015.0,12.1,1.18,23.2,16.0,11.8,0.61,92.26,292.74,221.75,77.8,sFGfRP4wPqe,2014,12,2014,24321.0,0.0
2015-01,BzhJzdAGARk,Gihango,772.0,11.7,1.18,23.7,16.0,11.1,0.59,39.55,250.68,106.75,75.2,sFGfRP4wPqe,2015,1,2014,24807.0,0.0
2015-02,BzhJzdAGARk,Gihango,908.0,12.5,1.18,24.1,16.6,11.3,0.48,103.82,206.6,101.0,76.4,sFGfRP4wPqe,2015,2,2014,24807.0,0.0
2015-03,BzhJzdAGARk,Gihango,475.0,12.4,1.18,25.0,16.6,11.2,0.63,172.82,190.15,69.75,76.0,sFGfRP4wPqe,2015,3,2014,24807.0,0.0
2015-04,BzhJzdAGARk,Gihango,363.0,12.8,1.18,22.9,15.8,11.6,0.64,148.99,289.01,76.75,82.4,sFGfRP4wPqe,2015,4,2014,24807.0,0.0
2015-05,BzhJzdAGARk,Gihango,439.0,12.2,1.18,22.5,16.2,11.5,0.65,115.21,84.47,120.5,77.2,sFGfRP4wPqe,2015,5,2014,24807.0,0.0
2015-06,BzhJzdAGARk,Gihango,1050.0,10.9,1.18,23.3,16.1,12.8,0.69,46.51,81.4,122.25,71.4,sFGfRP4wPqe,2015,6,2014,24807.0,0.0
2015-07,BzhJzdAGARk,Gihango,701.0,9.0,1.18,23.4,16.4,10.8,0.66,15.76,12.81,0.0,61.3,sFGfRP4wPqe,2015,7,2014,24807.0,0.0
2015-08,BzhJzdAGARk,Gihango,429.0,8.5,1.18,23.5,16.9,11.1,0.56,38.94,5.94,11.0,57.5,sFGfRP4wPqe,2015,8,2015,24807.0,0.0
2015-09,BzhJzdAGARk,Gihango,1327.0,11.1,1.18,24.3,16.9,12.2,0.54,108.82,87.1,79.5,68.5,sFGfRP4wPqe,2015,9,2015,24807.0,0.0
2015-10,BzhJzdAGARk,Gihango,2331.0,12.6,1.18,23.5,16.2,11.6,0.52,136.44,249.37,142.75,79.3,sFGfRP4wPqe,2015,10,2015,24807.0,0.0
2015-11,BzhJzdAGARk,Gihango,2864.0,12.7,1.18,22.5,15.6,12.1,0.53,150.73,261.85,137.25,82.9,sFGfRP4wPqe,2015,11,2015,24807.0,0.0
2015-12,BzhJzdAGARk,Gihango,3092.0,12.8,1.18,23.0,15.8,11.9,0.45,108.16,372.93,102.0,82.2,sFGfRP4wPqe,2015,12,2015,24807.0,0.0
2016-01,BzhJzdAGARk,Gihango,1970.0,13.1,1.18,23.3,16.5,12.0,0.5,103.74,298.19,128.25,80.4,sFGfRP4wPqe,2016,1,2015,25303.0,0.0
2016-02,BzhJzdAGARk,Gihango,1223.0,13.2,1.18,24.6,17.3,13.4,0.63,68.16,245.59,105.5,76.7,sFGfRP4wPqe,2016,2,2015,25303.0,0.0
2016-03,BzhJzdAGARk,Gihango,928.0,13.8,1.18,24.3,17.6,13.0,0.6,191.7,214.09,142.0,78.2,sFGfRP4wPqe,2016,3,2015,25303.0,0.0
2016-04,BzhJzdAGARk,Gihango,870.0,14.0,1.18,23.9,16.6,13.2,0.67,178.81,302.04,156.25,84.8,sFGfRP4wPqe,2016,4,2015,25303.0,0.0
2016-05,BzhJzdAGARk,Gihango,1147.0,11.6,1.18,23.1,16.7,11.9,0.59,120.42,55.2,134.75,71.9,sFGfRP4wPqe,2016,5,2015,25303.0,0.0
2016-06,BzhJzdAGARk,Gihango,1451.0,9.4,1.18,22.9,16.3,11.6,0.7,28.2,15.78,1.75,63.8,sFGfRP4wPqe,2016,6,2015,25303.0,0.0
2016-07,BzhJzdAGARk,Gihango,901.0,8.8,1.18,23.2,16.4,11.6,0.62,15.74,8.61,1.75,60.5,sFGfRP4wPqe,2016,7,2015,25303.0,0.0
2016-08,BzhJzdAGARk,Gihango,985.0,7.8,1.18,23.3,17.0,11.8,0.59,28.34,9.98,42.75,54.6,sFGfRP4wPqe,2016,8,2016,25303.0,0.0
2016-09,BzhJzdAGARk,Gihango,1574.0,10.3,1.18,23.5,16.9,12.2,0.55,105.4,115.55,138.0,65.1,sFGfRP4wPqe,2016,9,2016,25303.0,0.0
2016-10,BzhJzdAGARk,Gihango,2359.0,11.7,1.18,23.8,16.6,11.9,0.6,145.76,162.22,100.5,72.7,sFGfRP4wPqe,2016,10,2016,25303.0,0.0
2016-11,BzhJzdAGARk,Gihango,3315.0,12.3,1.18,22.9,15.9,11.3,0.6,185.59,202.23,143.0,79.1,sFGfRP4wPqe,2016,11,2016,25303.0,0.0
2016-12,BzhJzdAGARk,Gihango,2868.0,11.9,1.18,23.4,16.1,11.2,0.57,78.37,168.22,59.75,76.2,sFGfRP4wPqe,2016,12,2016,25303.0,0.0
2017-01,BzhJzdAGARk,Gihango,2480.0,11.8,1.18,24.4,16.6,11.8,0.61,78.43,221.71,75.25,73.3,sFGfRP4wPqe,2017,1,2016,25305.0,0.0
2017-02,BzhJzdAGARk,Gihango,1507.0,12.7,1.18,22.8,16.0,11.3,0.57,111.45,312.02,128.0,80.9,sFGfRP4wPqe,2017,2,2016,25305.0,0.0
2017-03,BzhJzdAGARk,Gihango,756.0,12.9,1.18,23.5,16.5,12.2,0.47,124.43,226.08,76.5,78.9,sFGfRP4wPqe,2017,3,2016,25305.0,0.0
2017-04,BzhJzdAGARk,Gihango,492.0,12.7,1.18,23.2,16.2,11.6,0.42,113.67,127.46,23.0,79.3,sFGfRP4wPqe,2017,4,2016,25305.0,0.0
2017-05,BzhJzdAGARk,Gihango,1106.0,11.7,1.18,23.7,16.1,11.9,0.67,99.69,89.08,41.75,75.2,sFGfRP4wPqe,2017,5,2016,25305.0,0.0
2017-06,BzhJzdAGARk,Gihango,1619.0,9.8,1.18,23.3,16.5,11.6,0.64,31.92,13.82,0.0,64.3,sFGfRP4wPqe,2017,6,2016,25305.0,0.0
2017-07,BzhJzdAGARk,Gihango,1173.0,9.5,1.18,23.1,16.3,11.9,0.58,13.29,16.99,0.0,64.3,sFGfRP4wPqe,2017,7,2016,25305.0,0.0
2017-08,BzhJzdAGARk,Gihango,992.0,10.4,1.18,22.6,16.2,11.3,0.49,45.49,74.66,23.25,68.8,sFGfRP4wPqe,2017,8,2017,25305.0,0.0
2017-09,BzhJzdAGARk,Gihango,1375.0,11.3,1.18,23.5,16.1,11.7,0.51,130.17,128.65,85.5,73.4,sFGfRP4wPqe,2017,9,2017,25305.0,0.0
2017-10,BzhJzdAGARk,Gihango,1494.0,12.3,1.18,23.5,16.0,10.8,0.55,115.39,201.8,93.75,78.4,sFGfRP4wPqe,2017,10,2017,25305.0,0.0
2017-11,BzhJzdAGARk,Gihango,1725.0,12.2,1.18,22.7,15.6,11.1,0.65,163.06,256.06,115.75,80.3,sFGfRP4wPqe,2017,11,2017,25305.0,0.0
2017-12,BzhJzdAGARk,Gihango,1701.0,12.3,1.18,23.0,16.2,11.0,0.45,77.56,362.53,40.5,77.8,sFGfRP4wPqe,2017,12,2017,25305.0,0.0
2018-01,BzhJzdAGARk,Gihango,2177.0,12.4,1.18,22.2,15.4,11.3,0.34,68.1,498.98,171.75,82.6,sFGfRP4wPqe,2018,1,2017,25906.0,0.0
2018-02,BzhJzdAGARk,Gihango,1000.0,13.0,1.18,23.0,16.5,11.7,0.46,125.48,320.49,166.0,80.1,sFGfRP4wPqe,2018,2,2017,25906.0,0.0
2018-03,BzhJzdAGARk,Gihango,765.0,12.6,1.18,23.0,16.1,12.0,0.63,225.07,288.77,158.0,80.1,sFGfRP4wPqe,2018,3,2017,25906.0,0.0
2018-04,BzhJzdAGARk,Gihango,456.0,12.8,1.18,22.3,15.8,12.3,0.53,228.15,431.8,395.25,82.6,sFGfRP4wPqe,2018,4,2017,25906.0,0.0
2018-05,BzhJzdAGARk,Gihango,863.0,11.8,1.18,22.2,15.8,11.7,0.64,101.67,98.71,204.5,76.9,sFGfRP4wPqe,2018,5,2017,25906.0,0.0
2018-06,BzhJzdAGARk,Gihango,593.0,9.5,1.18,22.7,16.0,11.7,0.69,31.83,23.97,14.75,65.1,sFGfRP4wPqe,2018,6,2017,25906.0,0.0
2018-07,BzhJzdAGARk,Gihango,427.0,7.5,1.18,22.1,15.5,10.0,0.61,17.49,15.38,14.25,58.9,sFGfRP4wPqe,2018,7,2017,25906.0,0.0
2018-08,BzhJzdAGARk,Gihango,277.0,10.0,1.18,22.8,15.7,11.5,0.56,48.16,100.08,94.25,68.8,sFGfRP4wPqe,2018,8,2018,25906.0,0.0
2018-09,BzhJzdAGARk,Gihango,448.0,11.1,1.18,24.0,16.1,10.6,0.55,87.94,65.16,31.25,72.1,sFGfRP4wPqe,2018,9,2018,25906.0,0.0
2018-10,BzhJzdAGARk,Gihango,512.0,11.9,1.18,24.8,15.9,11.9,0.53,100.85,223.25,128.0,77.1,sFGfRP4wPqe,2018,10,2018,25906.0,0.0
2018-11,BzhJzdAGARk,Gihango,971.0,12.6,1.18,22.8,16.1,11.4,0.62,158.2,184.44,61.25,79.7,sFGfRP4wPqe,2018,11,2018,25906.0,0.0
2018-12,BzhJzdAGARk,Gihango,1416.0,12.6,1.18,22.0,15.6,11.9,0.44,120.88,443.67,104.5,82.4,sFGfRP4wPqe,2018,12,2018,25906.0,0.0
2019-01,BzhJzdAGARk,Gihango,1293.0,12.5,1.18,23.0,16.2,11.5,0.58,86.01,370.35,143.25,78.7,sFGfRP4wPqe,2019,1,2018,26446.0,0.0
2019-02,BzhJzdAGARk,Gihango,1198.0,12.7,1.18,23.5,16.8,11.8,0.51,59.47,183.03,63.0,76.9,sFGfRP4wPqe,2019,2,2018,26446.0,0.0
2019-03,BzhJzdAGARk,Gihango,774.0,12.9,1.18,23.8,16.8,12.0,0.63,103.17,227.92,108.25,77.6,sFGfRP4wPqe,2019,3,2018,26446.0,0.0
2019-04,BzhJzdAGARk,Gihango,561.0,13.2,1.18,23.6,16.8,12.3,0.53,128.53,216.56,106.25,79.1,sFGfRP4wPqe,2019,4,2018,26446.0,0.0
2019-05,BzhJzdAGARk,Gihango,707.0,13.1,1.18,22.9,16.0,12.1,0.56,119.77,140.68,93.75,83.1,sFGfRP4wPqe,2019,5,2018,26446.0,0.0
2019-06,BzhJzdAGARk,Gihango,938.0,11.5,1.18,22.2,15.9,12.3,0.63,46.91,91.25,138.25,75.0,sFGfRP4wPqe,2019,6,2018,26446.0,0.0
2019-07,BzhJzdAGARk,Gihango,896.0,9.9,1.18,23.0,15.9,10.9,0.68,40.18,46.65,15.25,67.7,sFGfRP4wPqe,2019,7,2018,26446.0,0.0
2019-08,BzhJzdAGARk,Gihango,473.0,9.9,1.18,23.2,16.2,11.6,0.58,27.25,54.54,21.5,66.2,sFGfRP4wPqe,2019,8,2019,26446.0,0.0
2019-09,BzhJzdAGARk,Gihango,497.0,11.5,1.18,23.5,16.2,11.5,0.61,116.62,102.46,149.75,73.7,sFGfRP4wPqe,2019,9,2019,26446.0,0.0
2019-10,BzhJzdAGARk,Gihango,394.0,12.3,1.18,22.0,15.3,11.5,0.38,101.84,276.38,205.25,82.3,sFGfRP4wPqe,2019,10,2019,26446.0,0.0
2019-11,BzhJzdAGARk,Gihango,560.0,12.5,1.18,23.0,16.0,11.2,0.46,156.98,244.74,157.5,80.0,sFGfRP4wPqe,2019,11,2019,26446.0,0.0
2019-12,BzhJzdAGARk,Gihango,646.0,13.0,1.18,22.4,15.9,11.8,0.47,137.19,314.89,229.0,83.2,sFGfRP4wPqe,2019,12,2019,26446.0,0.0
2020-01,BzhJzdAGARk,Gihango,883.0,12.8,1.18,23.7,16.3,12.1,0.47,84.61,345.29,159.75,79.8,sFGfRP4wPqe,2020,1,2019,26994.0,0.0
2020-02,BzhJzdAGARk,Gihango,1238.0,12.9,1.18,23.9,16.6,12.2,0.66,81.27,324.93,49.5,78.8,sFGfRP4wPqe,2020,2,2019,26994.0,0.0
2020-03,BzhJzdAGARk,Gihango,1050.0,13.3,1.18,23.2,16.5,12.3,0.64,138.48,439.25,244.5,81.4,sFGfRP4wPqe,2020,3,2019,26994.0,0.0
2020-04,BzhJzdAGARk,Gihango,965.0,13.4,1.18,23.4,16.4,12.6,0.58,197.73,330.27,287.5,82.2,sFGfRP4wPqe,2020,4,2019,26994.0,0.0
2020-05,BzhJzdAGARk,Gihango,815.0,11.8,1.18,23.1,16.3,11.9,0.74,81.76,119.64,174.25,74.4,sFGfRP4wPqe,2020,5,2019,26994.0,0.0
2020-06,BzhJzdAGARk,Gihango,677.0,10.3,1.18,22.6,15.9,11.7,0.73,48.24,71.43,64.75,69.1,sFGfRP4wPqe,2020,6,2019,26994.0,0.0
2020-07,BzhJzdAGARk,Gihango,444.0,9.6,1.18,22.2,15.5,10.5,0.64,22.78,22.87,5.25,67.7,sFGfRP4wPqe,2020,7,2019,26994.0,0.0
2020-08,BzhJzdAGARk,Gihango,533.0,10.2,1.18,23.5,16.4,10.7,0.54,21.49,56.51,30.5,67.1,sFGfRP4wPqe,2020,8,2020,26994.0,0.0
2020-09,BzhJzdAGARk,Gihango,455.0,11.1,1.18,23.0,16.0,11.8,0.53,103.65,157.63,113.0,72.7,sFGfRP4wPqe,2020,9,2020,26994.0,0.0
2020-10,BzhJzdAGARk,Gihango,499.0,12.2,1.18,22.7,15.7,11.3,0.53,117.55,282.3,162.75,79.4,sFGfRP4wPqe,2020,10,2020,26994.0,0.0
2020-11,BzhJzdAGARk,Gihango,320.0,12.4,1.18,22.2,15.6,11.4,0.55,126.99,306.12,167.5,81.0,sFGfRP4wPqe,2020,11,2020,26994.0,0.0
2020-12,BzhJzdAGARk,Gihango,316.0,12.2,1.18,22.4,15.6,11.1,0.52,118.43,329.34,78.0,80.2,sFGfRP4wPqe,2020,12,2020,26994.0,0.0
2021-01,BzhJzdAGARk,Gihango,264.0,12.2,1.18,22.4,15.7,11.6,0.57,158.32,295.92,159.25,79.4,sFGfRP4wPqe,2021,1,2020,27618.0,0.0
2021-02,BzhJzdAGARk,Gihango,390.0,12.3,1.18,23.1,16.5,12.3,0.47,144.13,245.27,191.5,76.7,sFGfRP4wPqe,2021,2,2020,27618.0,0.0
2021-03,BzhJzdAGARk,Gihango,447.0,12.3,1.18,23.7,16.2,12.1,0.65,137.91,277.65,82.5,78.0,sFGfRP4wPqe,2021,3,2020,27618.0,0.0
2021-04,BzhJzdAGARk,Gihango,514.0,12.8,1.18,22.4,15.7,12.0,0.49,92.4,192.17,108.5,82.4,sFGfRP4wPqe,2021,4,2020,27618.0,0.0
2021-05,BzhJzdAGARk,Gihango,539.0,12.2,1.18,22.8,16.0,11.3,0.66,98.75,179.26,253.75,78.1,sFGfRP4wPqe,2021,5,2020,27618.0,0.0
2021-06,BzhJzdAGARk,Gihango,597.0,9.5,1.18,22.9,15.8,10.9,0.63,48.64,24.85,38.75,66.0,sFGfRP4wPqe,2021,6,2020,27618.0,0.0
2021-07,BzhJzdAGARk,Gihango,446.0,8.4,1.18,22.2,15.8,11.9,0.64,27.21,12.58,6.25,61.4,sFGfRP4wPqe,2021,7,2020,27618.0,0.0
2021-08,BzhJzdAGARk,Gihango,683.0,9.8,1.18,22.8,16.0,10.8,0.58,42.34,76.45,114.5,66.6,sFGfRP4wPqe,2021,8,2021,27618.0,0.0
2021-09,BzhJzdAGARk,Gihango,439.0,11.3,1.18,22.9,16.0,11.6,0.59,101.8,131.69,82.75,73.7,sFGfRP4wPqe,2021,9,2021,27618.0,0.0
2021-10,BzhJzdAGARk,Gihango,432.0,12.3,1.18,23.3,16.1,11.2,0.61,100.82,205.4,82.0,78.2,sFGfRP4wPqe,2021,10,2021,27618.0,0.0
2021-11,BzhJzdAGARk,Gihango,499.0,12.0,1.18,23.0,16.0,10.8,0.67,116.0,219.71,77.75,77.2,sFGfRP4wPqe,2021,11,2021,27618.0,0.0
2021-12,BzhJzdAGARk,Gihango,795.0,12.4,1.18,22.6,16.1,12.2,0.51,126.31,203.88,101.0,78.8,sFGfRP4wPqe,2021,12,2021,27618.0,0.0
2022-01,BzhJzdAGARk,Gihango,1077.0,11.9,1.18,23.7,16.1,11.2,0.63,99.63,219.65,141.0,76.2,sFGfRP4wPqe,2022,1,2021,27481.0,0.0
2022-02,BzhJzdAGARk,Gihango,788.0,12.6,1.18,22.6,15.7,11.7,0.57,183.49,466.35,169.25,81.7,sFGfRP4wPqe,2022,2,2021,27481.0,0.0
2022-03,BzhJzdAGARk,Gihango,826.0,12.6,1.18,23.5,16.5,11.7,0.63,123.92,301.31,121.75,77.4,sFGfRP4wPqe,2022,3,2021,27481.0,0.0
2022-04,BzhJzdAGARk,Gihango,930.0,12.6,1.18,23.1,16.2,12.3,0.59,107.57,360.41,234.5,79.5,sFGfRP4wPqe,2022,4,2021,27481.0,0.0
2022-05,BzhJzdAGARk,Gihango,950.0,11.9,1.18,22.7,16.0,11.6,0.66,124.7,131.33,87.75,76.8,sFGfRP4wPqe,2022,5,2021,27481.0,0.0
2022-06,BzhJzdAGARk,Gihango,417.0,9.1,1.18,22.2,15.4,9.7,0.66,34.15,12.58,6.5,66.4,sFGfRP4wPqe,2022,6,2021,27481.0,0.0
2022-07,BzhJzdAGARk,Gihango,315.0,8.3,1.18,22.7,15.7,10.4,0.58,12.74,56.63,14.0,61.4,sFGfRP4wPqe,2022,7,2021,27481.0,0.0
2022-08,BzhJzdAGARk,Gihango,298.0,10.2,1.18,22.7,15.5,11.5,0.56,39.86,148.17,118.75,70.5,sFGfRP4wPqe,2022,8,2022,27481.0,0.0
2022-09,BzhJzdAGARk,Gihango,322.0,11.7,1.18,22.6,15.7,11.2,0.56,84.5,146.83,129.75,77.0,sFGfRP4wPqe,2022,9,2022,27481.0,0.0
2022-10,BzhJzdAGARk,Gihango,330.0,11.5,1.18,23.5,16.4,11.4,0.47,117.02,106.1,48.25,73.0,sFGfRP4wPqe,2022,10,2022,27481.0,0.0
2022-11,BzhJzdAGARk,Gihango,401.0,12.5,1.18,22.5,15.6,12.4,0.47,170.97,426.48,200.0,81.7,sFGfRP4wPqe,2022,11,2022,27481.0,0.0
2022-12,BzhJzdAGARk,Gihango,450.0,12.2,1.18,21.9,15.3,10.4,0.63,129.48,346.34,165.0,81.8,sFGfRP4wPqe,2022,12,2022,27481.0,0.0
2023-01,BzhJzdAGARk,Gihango,367.0,11.5,1.18,22.7,15.6,10.9,0.63,99.01,232.21,130.0,76.8,sFGfRP4wPqe,2023,1,2022,28005.0,0.0
2023-02,BzhJzdAGARk,Gihango,366.0,12.3,1.18,23.8,16.4,10.9,0.59,42.94,268.19,59.75,76.7,sFGfRP4wPqe,2023,2,2022,28005.0,0.0
2023-03,BzhJzdAGARk,Gihango,321.0,12.9,1.18,23.8,15.8,12.0,0.61,160.61,516.88,130.0,82.7,sFGfRP4wPqe,2023,3,2022,28005.0,0.0
2023-04,BzhJzdAGARk,Gihango,183.0,12.9,1.18,22.7,16.0,11.9,0.6,218.32,251.07,185.5,81.7,sFGfRP4wPqe,2023,4,2022,28005.0,0.0
2023-05,BzhJzdAGARk,Gihango,278.0,12.2,1.18,23.4,16.9,13.0,0.69,175.57,113.23,169.5,73.8,sFGfRP4wPqe,2023,5,2022,28005.0,0.0
2023-06,BzhJzdAGARk,Gihango,284.0,11.0,1.18,22.8,16.6,12.2,0.51,47.7,31.44,14.25,69.6,sFGfRP4wPqe,2023,6,2022,28005.0,0.0
2023-07,BzhJzdAGARk,Gihango,202.0,8.1,1.18,23.1,16.7,10.9,0.61,21.18,3.51,0.0,56.9,sFGfRP4wPqe,2023,7,2022,28005.0,0.0
2023-08,BzhJzdAGARk,Gihango,154.0,9.3,1.18,23.7,17.5,12.2,0.53,25.22,11.22,32.75,58.9,sFGfRP4wPqe,2023,8,2023,28005.0,0.0
2023-09,BzhJzdAGARk,Gihango,137.0,12.5,1.18,23.1,16.4,12.2,0.59,97.16,264.46,131.5,77.6,sFGfRP4wPqe,2023,9,2023,28005.0,0.0
2023-10,BzhJzdAGARk,Gihango,158.0,12.4,1.18,24.4,16.7,12.2,0.6,71.24,188.25,77.25,75.9,sFGfRP4wPqe,2023,10,2023,28005.0,0.0
2023-11,BzhJzdAGARk,Gihango,146.0,13.3,1.18,22.4,15.8,12.4,0.48,110.88,437.75,168.5,85.6,sFGfRP4wPqe,2023,11,2023,28005.0,0.0
2023-12,BzhJzdAGARk,Gihango,177.0,13.3,1.18,23.4,16.3,12.3,0.54,94.93,324.08,196.75,82.1,sFGfRP4wPqe,2023,12,2023,28005.0,0.0
2024-01,BzhJzdAGARk,Gihango,164.0,13.3,1.18,23.1,16.4,12.7,0.43,82.51,437.59,196.75,81.8,sFGfRP4wPqe,2024,1,2023,28624.0,0.0
2024-02,BzhJzdAGARk,Gihango,71.0,13.4,1.97,23.8,17.1,12.9,0.65,74.66,384.76,196.75,79.3,sFGfRP4wPqe,2024,2,2023,28624.0,0.0
2024-03,BzhJzdAGARk,Gihango,45.0,13.4,1.69,24.2,17.6,13.0,0.68,101.45,199.68,196.75,76.6,sFGfRP4wPqe,2024,3,2023,28624.0,0.0
2024-04,BzhJzdAGARk,Gihango,41.0,13.9,1.46,23.3,16.8,13.0,0.56,198.57,296.63,196.75,83.1,sFGfRP4wPqe,2024,4,2023,28624.0,0.0
2024-05,BzhJzdAGARk,Gihango,92.0,12.7,2.11,23.5,17.4,13.4,0.73,58.22,166.37,196.75,73.6,sFGfRP4wPqe,2024,5,2023,28624.0,0.0
2024-06,BzhJzdAGARk,Gihango,184.0,9.6,1.9,23.2,16.8,9.9,0.72,20.37,12.44,196.75,62.6,sFGfRP4wPqe,2024,6,2023,28624.0,0.0
2024-07,BzhJzdAGARk,Gihango,92.0,9.7,1.4,23.6,16.9,12.5,0.66,11.38,30.23,196.75,62.5,sFGfRP4wPqe,2024,7,2023,28624.0,0.0
2024-08,BzhJzdAGARk,Gihango,102.0,9.7,1.66,23.6,17.2,12.5,0.61,23.6,25.25,196.75,61.5,sFGfRP4wPqe,2024,8,2024,28624.0,0.0
2024-09,BzhJzdAGARk,Gihango,160.0,10.7,1.4,23.7,17.3,12.4,0.56,78.03,57.19,196.75,67.04,sFGfRP4wPqe,2024,9,2024,28624.0,0.0
2024-10,BzhJzdAGARk,Gihango,223.0,12.3,1.63,24.2,16.4,11.2,0.55,121.2,218.59,196.75,76.51,sFGfRP4wPqe,2024,10,2024,28624.0,0.0
2024-11,BzhJzdAGARk,Gihango,232.0,12.8,1.53,22.4,15.8,11.7,0.53,279.61,389.37,196.75,81.65,sFGfRP4wPqe,2024,11,2024,28624.0,0.0
2024-12,BzhJzdAGARk,Gihango,201.0,12.6,1.18,22.9,16.1,12.0,0.72,86.14,401.21,196.75,79.38,sFGfRP4wPqe,2024,12,2024,28624.0,0.0
2025-01,BzhJzdAGARk,Gihango,213.0,12.0,0.38,24.1,17.16,12.2,0.66,180.51,465.47,196.75,75.53,sFGfRP4wPqe,2025,1,2024,28051.0,0.0
2025-02,BzhJzdAGARk,Gihango,176.0,12.3,1.53,24.4,18.23,12.4,0.65,181.49,296.42,196.75,72.63,sFGfRP4wPqe,2025,2,2024,28051.0,0.0
2025-03,BzhJzdAGARk,Gihango,144.0,12.8,1.63,24.4,17.85,12.2,0.53,189.65,543.29,196.75,69.47,sFGfRP4wPqe,2025,3,2024,28051.0,0.0
2025-04,BzhJzdAGARk,Gihango,206.0,12.8,1.72,22.2,17.31,12.2,0.66,356.71,574.14,196.75,81.1,sFGfRP4wPqe,2025,4,2024,28051.0,0.0
2025-05,BzhJzdAGARk,Gihango,274.0,12.8,1.34,21.6,16.97,12.1,0.48,102.23,133.63,196.75,77.42,sFGfRP4wPqe,2025,5,2024,28051.0,0.0
2025-06,BzhJzdAGARk,Gihango,278.0,12.8,1.44,21.7,16.95,11.3,0.67,86.26,83.26,196.75,70.5,sFGfRP4wPqe,2025,6,2024,28051.0,0.0
2025-07,BzhJzdAGARk,Gihango,270.0,12.8,1.83,21.5,16.99,12.1,0.71,18.21,19.9,196.75,66.15,sFGfRP4wPqe,2025,7,2024,28051.0,0.0
2025-08,BzhJzdAGARk,Gihango,220.0,12.8,1.34,22.6,16.92,10.5,0.7,88.68,70.46,196.75,68.35,sFGfRP4wPqe,2025,8,2025,28051.0,0.0
2025-09,BzhJzdAGARk,Gihango,273.0,12.8,1.39,22.6,17.63,11.8,0.64,60.15,86.92,196.75,69.64,sFGfRP4wPqe,2025,9,2025,28051.0,0.0
2025-10,BzhJzdAGARk,Gihango,336.0,12.8,1.91,21.8,16.77,11.3,0.65,105.95,299.91,196.75,80.21,sFGfRP4wPqe,2025,10,2025,28051.0,0.0
2013-01,CSiOPKW1OQP,Karama (Nyagatare),2727.0,14.6,0.47,28.8,20.7,12.4,0.65,58.92,42.98,18.0,68.1,JVpVNtso1j1,2013,1,2012,27556.0,0.0
2013-02,CSiOPKW1OQP,Karama (Nyagatare),1879.0,13.9,0.31,29.6,21.4,12.4,0.54,64.72,33.43,32.01,62.3,JVpVNtso1j1,2013,2,2012,27556.0,0.6429
2013-03,CSiOPKW1OQP,Karama (Nyagatare),766.0,15.5,0.29,29.3,20.2,12.4,0.53,180.59,142.1,113.01,74.5,JVpVNtso1j1,2013,3,2012,27556.0,0.0
2013-04,CSiOPKW1OQP,Karama (Nyagatare),1435.0,16.1,0.42,26.2,19.7,12.4,0.59,136.37,155.48,32.33,79.6,JVpVNtso1j1,2013,4,2012,27556.0,0.0
2013-05,CSiOPKW1OQP,Karama (Nyagatare),3034.0,14.6,0.6,25.2,19.4,12.4,0.81,92.66,91.67,19.66,73.8,JVpVNtso1j1,2013,5,2012,27556.0,0.0
2013-06,CSiOPKW1OQP,Karama (Nyagatare),3466.0,11.1,0.42,27.2,20.6,12.4,0.66,0.32,3.16,0.33,54.5,JVpVNtso1j1,2013,6,2012,27556.0,0.0
2013-07,CSiOPKW1OQP,Karama (Nyagatare),1689.0,8.8,0.31,28.6,21.6,12.4,0.51,3.45,1.66,0.0,44.0,JVpVNtso1j1,2013,7,2012,27556.0,0.0
2013-08,CSiOPKW1OQP,Karama (Nyagatare),834.0,12.7,0.27,27.5,20.5,12.4,0.44,31.06,52.66,11.67,61.1,JVpVNtso1j1,2013,8,2013,27556.0,0.0
2013-09,CSiOPKW1OQP,Karama (Nyagatare),940.0,14.2,0.34,28.5,20.2,12.1,0.54,139.94,94.3,36.68,68.3,JVpVNtso1j1,2013,9,2013,27556.0,1.0
2013-10,CSiOPKW1OQP,Karama (Nyagatare),551.0,14.2,0.47,27.3,19.8,12.2,0.71,92.78,102.43,72.67,70.1,JVpVNtso1j1,2013,10,2013,27556.0,0.0
2013-11,CSiOPKW1OQP,Karama (Nyagatare),187.0,15.2,0.54,26.3,18.8,11.4,0.76,161.28,181.39,145.32,79.2,JVpVNtso1j1,2013,11,2013,27556.0,0.0
2013-12,CSiOPKW1OQP,Karama (Nyagatare),230.0,15.0,0.48,26.0,19.4,12.3,0.71,106.55,117.04,101.65,75.6,JVpVNtso1j1,2013,12,2013,27556.0,0.0
2014-01,CSiOPKW1OQP,Karama (Nyagatare),314.0,14.0,0.4,27.5,20.3,11.9,0.65,46.5,36.79,38.0,67.0,JVpVNtso1j1,2014,1,2013,28410.0,0.0
2014-02,CSiOPKW1OQP,Karama (Nyagatare),281.0,13.6,0.37,29.5,21.7,13.4,0.54,79.45,53.65,23.0,60.1,JVpVNtso1j1,2014,2,2013,28410.0,1.0
2014-03,CSiOPKW1OQP,Karama (Nyagatare),125.0,15.4,0.35,27.3,20.2,13.0,0.61,134.3,109.0,83.99,73.5,JVpVNtso1j1,2014,3,2013,28410.0,0.0
2014-04,CSiOPKW1OQP,Karama (Nyagatare),16.0,15.3,0.48,27.3,19.6,11.7,0.71,119.28,94.5,38.0,76.4,JVpVNtso1j1,2014,4,2013,28410.0,0.0
2014-05,CSiOPKW1OQP,Karama (Nyagatare),30.0,14.4,0.43,26.5,20.2,12.6,0.65,37.46,72.78,26.33,69.3,JVpVNtso1j1,2014,5,2013,28410.0,0.0
2014-06,CSiOPKW1OQP,Karama (Nyagatare),94.0,12.8,0.41,27.3,20.4,12.9,0.65,12.79,19.72,1.0,61.8,JVpVNtso1j1,2014,6,2013,28410.0,0.0
2014-07,CSiOPKW1OQP,Karama (Nyagatare),88.0,10.6,0.33,28.2,21.2,12.6,0.53,13.56,14.93,0.66,50.8,JVpVNtso1j1,2014,7,2013,28410.0,0.0
2014-08,CSiOPKW1OQP,Karama (Nyagatare),52.0,13.8,0.32,26.3,19.9,12.4,0.58,39.54,99.99,26.99,68.1,JVpVNtso1j1,2014,8,2014,28410.0,0.0
2014-09,CSiOPKW1OQP,Karama (Nyagatare),81.0,14.3,0.42,26.5,19.3,11.1,0.6,81.62,111.39,85.66,72.8,JVpVNtso1j1,2014,9,2014,28410.0,1.0
2014-10,CSiOPKW1OQP,Karama (Nyagatare),50.0,15.0,0.46,27.1,19.7,12.7,0.73,116.1,154.02,45.99,74.0,JVpVNtso1j1,2014,10,2014,28410.0,0.0
2014-11,CSiOPKW1OQP,Karama (Nyagatare),26.0,15.1,0.52,25.7,19.5,12.3,0.74,116.69,97.19,132.33,75.9,JVpVNtso1j1,2014,11,2014,28410.0,0.0
2014-12,CSiOPKW1OQP,Karama (Nyagatare),74.0,14.5,0.45,26.7,20.0,11.7,0.7,76.32,71.16,50.66,70.6,JVpVNtso1j1,2014,12,2014,28410.0,0.0
2015-01,CSiOPKW1OQP,Karama (Nyagatare),88.0,12.7,0.4,28.9,21.3,12.3,0.62,22.49,18.25,7.0,57.8,JVpVNtso1j1,2015,1,2014,30171.0,0.0
2015-02,CSiOPKW1OQP,Karama (Nyagatare),46.0,13.8,0.32,28.6,21.9,12.4,0.51,48.21,39.9,1.66,60.0,JVpVNtso1j1,2015,2,2014,30171.0,1.0
2015-03,CSiOPKW1OQP,Karama (Nyagatare),20.0,14.6,0.28,29.4,20.9,12.9,0.43,132.39,111.12,41.31,67.1,JVpVNtso1j1,2015,3,2014,30171.0,0.0
2015-04,CSiOPKW1OQP,Karama (Nyagatare),10.0,16.0,0.37,26.6,19.3,12.7,0.57,181.98,166.64,68.99,81.0,JVpVNtso1j1,2015,4,2014,30171.0,0.0
2015-05,CSiOPKW1OQP,Karama (Nyagatare),31.0,15.4,0.57,25.7,20.0,13.1,0.79,63.76,58.63,72.34,74.8,JVpVNtso1j1,2015,5,2014,30171.0,0.0
2015-06,CSiOPKW1OQP,Karama (Nyagatare),265.0,13.8,0.51,26.8,20.4,13.1,0.71,21.94,35.24,30.33,66.0,JVpVNtso1j1,2015,6,2014,30171.0,0.0
2015-07,CSiOPKW1OQP,Karama (Nyagatare),431.0,11.0,0.32,28.8,21.2,12.5,0.53,7.8,5.47,2.66,52.2,JVpVNtso1j1,2015,7,2014,30171.0,0.0
2015-08,CSiOPKW1OQP,Karama (Nyagatare),376.0,10.8,0.27,29.4,21.9,13.2,0.44,35.99,8.65,2.0,49.3,JVpVNtso1j1,2015,8,2015,30171.0,0.0
2015-09,CSiOPKW1OQP,Karama (Nyagatare),808.0,14.1,0.27,29.1,20.9,12.8,0.45,93.71,48.96,37.99,64.9,JVpVNtso1j1,2015,9,2015,30171.0,1.0
2015-10,CSiOPKW1OQP,Karama (Nyagatare),3233.0,15.5,0.48,27.7,20.0,13.3,0.69,120.69,165.94,13.99,75.3,JVpVNtso1j1,2015,10,2015,30171.0,0.0
2015-11,CSiOPKW1OQP,Karama (Nyagatare),5064.0,15.7,0.54,25.5,19.0,12.4,0.73,131.66,188.25,124.32,81.4,JVpVNtso1j1,2015,11,2015,30171.0,0.0
2015-12,CSiOPKW1OQP,Karama (Nyagatare),5460.0,15.7,0.43,26.7,19.6,12.7,0.66,65.7,88.67,29.67,78.2,JVpVNtso1j1,2015,12,2015,30171.0,0.0
2016-01,CSiOPKW1OQP,Karama (Nyagatare),1657.0,15.7,0.35,27.3,20.7,13.8,0.58,78.61,77.63,27.33,73.3,JVpVNtso1j1,2016,1,2015,32042.0,0.0
2016-02,CSiOPKW1OQP,Karama (Nyagatare),1418.0,14.8,0.3,29.7,22.0,13.5,0.56,31.98,43.83,16.66,63.6,JVpVNtso1j1,2016,2,2015,32042.0,0.0
2016-03,CSiOPKW1OQP,Karama (Nyagatare),732.0,16.3,0.29,28.6,21.8,13.6,0.53,159.71,58.77,20.32,70.9,JVpVNtso1j1,2016,3,2015,32042.0,1.0
2016-04,CSiOPKW1OQP,Karama (Nyagatare),466.0,17.0,0.49,26.7,20.2,14.0,0.8,187.92,220.95,137.01,82.2,JVpVNtso1j1,2016,4,2015,32042.0,1.0
2016-05,CSiOPKW1OQP,Karama (Nyagatare),1031.0,14.7,0.46,26.8,20.8,13.6,0.73,68.13,51.1,31.01,68.2,JVpVNtso1j1,2016,5,2015,32042.0,0.0
2016-06,CSiOPKW1OQP,Karama (Nyagatare),1599.0,12.1,0.37,26.8,20.7,12.7,0.59,36.955,16.9,0.0,58.0,JVpVNtso1j1,2016,6,2015,32042.0,0.0
2016-07,CSiOPKW1OQP,Karama (Nyagatare),750.0,10.4,0.28,28.9,21.4,12.6,0.48,5.78,5.41,21.66,49.5,JVpVNtso1j1,2016,7,2015,32042.0,0.0
2016-08,CSiOPKW1OQP,Karama (Nyagatare),629.0,10.2,0.27,29.5,21.9,13.5,0.45,11.65,5.18,2.0,47.4,JVpVNtso1j1,2016,8,2016,32042.0,0.0
2016-09,CSiOPKW1OQP,Karama (Nyagatare),950.0,13.1,0.21,29.2,21.3,13.0,0.39,94.28,69.03,91.32,59.4,JVpVNtso1j1,2016,9,2016,32042.0,1.0
2016-10,CSiOPKW1OQP,Karama (Nyagatare),952.0,14.6,0.31,27.6,20.4,12.4,0.53,161.47,114.43,82.32,69.0,JVpVNtso1j1,2016,10,2016,32042.0,0.0
2016-11,CSiOPKW1OQP,Karama (Nyagatare),197.0,15.4,0.61,26.3,19.4,12.7,0.77,163.92,141.9,160.31,77.6,JVpVNtso1j1,2016,11,2016,32042.0,0.0
2016-12,CSiOPKW1OQP,Karama (Nyagatare),275.0,14.4,0.52,27.2,20.0,11.9,0.72,56.6,44.1,29.99,69.8,JVpVNtso1j1,2016,12,2016,32042.0,0.0
2017-01,CSiOPKW1OQP,Karama (Nyagatare),301.0,12.6,0.34,29.7,21.7,12.6,0.54,37.38,31.77,6.67,56.1,JVpVNtso1j1,2017,1,2016,32045.0,0.0
2017-02,CSiOPKW1OQP,Karama (Nyagatare),128.0,15.1,0.31,27.7,20.4,12.7,0.52,52.84,85.98,27.66,71.8,JVpVNtso1j1,2017,2,2016,32045.0,0.0
2017-03,CSiOPKW1OQP,Karama (Nyagatare),237.0,15.9,0.35,27.2,20.1,12.2,0.54,103.39,127.97,43.34,76.7,JVpVNtso1j1,2017,3,2016,32045.0,0.0
2017-04,CSiOPKW1OQP,Karama (Nyagatare),115.0,15.7,0.5,26.0,19.7,12.8,0.69,104.04,117.6,0.0,77.6,JVpVNtso1j1,2017,4,2016,32045.0,0.0
2017-05,CSiOPKW1OQP,Karama (Nyagatare),73.0,14.9,0.6,27.2,19.7,13.4,0.78,125.58,68.81,9.67,73.6,JVpVNtso1j1,2017,5,2016,32045.0,0.0
2017-06,CSiOPKW1OQP,Karama (Nyagatare),112.0,11.9,0.39,27.4,21.3,13.1,0.64,72.07,3.47,0.0,55.3,JVpVNtso1j1,2017,6,2016,32045.0,0.0
2017-07,CSiOPKW1OQP,Karama (Nyagatare),43.0,11.9,0.3,28.7,21.4,12.5,0.5,18.56,10.28,0.33,54.6,JVpVNtso1j1,2017,7,2016,32045.0,0.0
2017-08,CSiOPKW1OQP,Karama (Nyagatare),14.0,13.4,0.25,27.5,20.9,13.1,0.44,47.44,42.71,23.0,62.4,JVpVNtso1j1,2017,8,2017,32045.0,0.0
2017-09,CSiOPKW1OQP,Karama (Nyagatare),7.0,14.7,0.31,27.5,20.3,12.7,0.54,113.57,104.84,57.33,70.6,JVpVNtso1j1,2017,9,2017,32045.0,1.0
2017-10,CSiOPKW1OQP,Karama (Nyagatare),7.0,15.2,0.41,27.8,20.3,12.6,0.65,141.23,108.69,43.66,72.6,JVpVNtso1j1,2017,10,2017,32045.0,0.0
2017-11,CSiOPKW1OQP,Karama (Nyagatare),13.0,15.2,0.54,26.3,19.2,12.3,0.71,127.28,134.91,82.01,77.8,JVpVNtso1j1,2017,11,2017,32045.0,0.0
2017-12,CSiOPKW1OQP,Karama (Nyagatare),4.0,14.4,0.47,26.8,20.4,12.1,0.69,49.63,34.17,5.34,68.7,JVpVNtso1j1,2017,12,2017,32045.0,0.0
2018-01,CSiOPKW1OQP,Karama (Nyagatare),3.0,13.9,0.33,27.6,20.6,12.7,0.56,79.38,64.34,67.33,65.7,JVpVNtso1j1,2018,1,2017,32806.0,0.0
2018-02,CSiOPKW1OQP,Karama (Nyagatare),4.0,14.9,0.31,28.8,21.2,13.0,0.57,52.03,72.34,11.01,67.2,JVpVNtso1j1,2018,2,2017,32806.0,0.0
2018-03,CSiOPKW1OQP,Karama (Nyagatare),11.0,15.8,0.34,26.9,19.8,12.9,0.62,217.22,185.06,68.67,77.9,JVpVNtso1j1,2018,3,2017,32806.0,0.0
2018-04,CSiOPKW1OQP,Karama (Nyagatare),8.0,16.2,0.45,25.5,19.1,13.5,0.68,250.37,290.51,155.68,83.1,JVpVNtso1j1,2018,4,2017,32806.0,0.0
2018-05,CSiOPKW1OQP,Karama (Nyagatare),4.0,15.1,0.52,25.5,19.4,11.8,0.73,202.36,76.36,90.0,76.0,JVpVNtso1j1,2018,5,2017,32806.0,0.0
2018-06,CSiOPKW1OQP,Karama (Nyagatare),11.0,12.1,0.45,27.5,20.1,12.8,0.71,27.77,16.43,74.35,59.8,JVpVNtso1j1,2018,6,2017,32806.0,0.0
2018-07,CSiOPKW1OQP,Karama (Nyagatare),6.0,9.7,0.36,27.2,20.4,11.4,0.58,17.54,13.78,14.67,50.2,JVpVNtso1j1,2018,7,2017,32806.0,0.0
2018-08,CSiOPKW1OQP,Karama (Nyagatare),,13.0,0.3,27.5,19.9,12.1,0.5,46.27,97.97,68.99,64.7,JVpVNtso1j1,2018,8,2018,32806.0,0.0
2018-09,CSiOPKW1OQP,Karama (Nyagatare),5.0,14.5,0.29,26.4,19.6,11.9,0.48,68.94,85.43,55.66,72.5,JVpVNtso1j1,2018,9,2018,32806.0,1.0
2018-10,CSiOPKW1OQP,Karama (Nyagatare),32.0,14.8,0.36,26.4,19.7,12.4,0.58,100.68,108.32,121.01,73.6,JVpVNtso1j1,2018,10,2018,32806.0,0.0
2018-11,CSiOPKW1OQP,Karama (Nyagatare),10.0,15.5,0.55,26.1,19.7,12.8,0.72,125.44,92.13,69.99,76.6,JVpVNtso1j1,2018,11,2018,32806.0,0.0
2018-12,CSiOPKW1OQP,Karama (Nyagatare),32.0,15.2,0.4,26.0,19.4,12.1,0.7,137.08,101.11,52.01,77.0,JVpVNtso1j1,2018,12,2018,32806.0,0.0
2019-01,CSiOPKW1OQP,Karama (Nyagatare),32.0,14.3,0.4,28.1,21.0,12.3,0.63,85.84,36.86,22.0,65.5,JVpVNtso1j1,2019,1,2018,34481.0,0.0
2019-02,CSiOPKW1OQP,Karama (Nyagatare),18.0,14.1,0.3,29.7,21.9,12.9,0.53,57.54,39.31,44.67,61.4,JVpVNtso1j1,2019,2,2018,34481.0,0.0
2019-03,CSiOPKW1OQP,Karama (Nyagatare),19.0,14.8,0.33,29.0,21.5,12.8,0.54,84.12,65.15,53.0,65.5,JVpVNtso1j1,2019,3,2018,34481.0,0.0
2019-04,CSiOPKW1OQP,Karama (Nyagatare),17.0,16.2,0.45,27.1,20.4,12.9,0.71,127.37,132.15,72.33,77.0,JVpVNtso1j1,2019,4,2018,34481.0,0.0
2019-05,CSiOPKW1OQP,Karama (Nyagatare),25.0,16.3,0.37,26.0,19.7,13.6,0.49,123.82,105.45,55.32,80.8,JVpVNtso1j1,2019,5,2018,34481.0,0.0
2019-06,CSiOPKW1OQP,Karama (Nyagatare),19.0,14.3,0.45,26.0,20.3,13.5,0.72,21.54,58.78,24.32,68.5,JVpVNtso1j1,2019,6,2018,34481.0,0.0
2019-07,CSiOPKW1OQP,Karama (Nyagatare),7.0,12.5,0.38,28.6,20.6,11.6,0.64,13.42,21.37,36.67,59.8,JVpVNtso1j1,2019,7,2018,34481.0,0.0
2019-08,CSiOPKW1OQP,Karama (Nyagatare),54.0,13.0,0.28,27.8,20.7,12.7,0.51,32.45,48.49,36.99,61.5,JVpVNtso1j1,2019,8,2019,34481.0,0.0
2019-09,CSiOPKW1OQP,Karama (Nyagatare),37.0,14.7,0.31,27.5,20.3,13.1,0.52,77.56,97.76,67.01,70.3,JVpVNtso1j1,2019,9,2019,34481.0,1.0
2019-10,CSiOPKW1OQP,Karama (Nyagatare),40.0,15.4,0.43,25.7,18.9,12.2,0.65,114.31,163.13,98.69,79.9,JVpVNtso1j1,2019,10,2019,34481.0,0.0
2019-11,CSiOPKW1OQP,Karama (Nyagatare),62.0,15.5,0.55,26.0,19.8,12.2,0.72,151.68,95.36,68.0,76.3,JVpVNtso1j1,2019,11,2019,34481.0,0.0
2019-12,CSiOPKW1OQP,Karama (Nyagatare),8.0,15.9,0.42,26.7,19.8,12.5,0.61,100.17,202.44,49.0,78.5,JVpVNtso1j1,2019,12,2019,34481.0,0.0
2020-01,CSiOPKW1OQP,Karama (Nyagatare),2.0,15.1,0.44,28.7,20.8,12.9,0.7,85.24,56.95,32.33,69.6,JVpVNtso1j1,2020,1,2019,36179.0,0.0
2020-02,CSiOPKW1OQP,Karama (Nyagatare),4.0,15.9,0.44,27.9,20.7,13.7,0.6,63.74,134.77,102.34,74.0,JVpVNtso1j1,2020,2,2019,36179.0,0.0
2020-03,CSiOPKW1OQP,Karama (Nyagatare),2.0,16.4,0.42,27.6,20.6,13.5,0.63,119.43,112.39,160.68,77.0,JVpVNtso1j1,2020,3,2019,36179.0,0.0
2020-04,CSiOPKW1OQP,Karama (Nyagatare),1.0,16.4,0.5,28.0,20.2,13.6,0.68,200.45,188.8,166.99,78.7,JVpVNtso1j1,2020,4,2019,36179.0,0.0
2020-05,CSiOPKW1OQP,Karama (Nyagatare),4.0,15.1,0.54,26.2,20.1,13.2,0.74,49.5,77.04,21.0,72.8,JVpVNtso1j1,2020,5,2019,36179.0,0.0
2020-06,CSiOPKW1OQP,Karama (Nyagatare),4.0,13.0,0.43,26.3,20.3,12.8,0.66,9.53,32.28,1.67,62.9,JVpVNtso1j1,2020,6,2019,36179.0,0.0
2020-07,CSiOPKW1OQP,Karama (Nyagatare),2.0,11.1,0.35,27.9,21.0,13.2,0.56,3.96,8.67,3.0,53.2,JVpVNtso1j1,2020,7,2019,36179.0,0.0
2020-08,CSiOPKW1OQP,Karama (Nyagatare),3.0,12.2,0.32,29.4,21.9,13.4,0.5,17.75,24.83,8.0,54.3,JVpVNtso1j1,2020,8,2020,36179.0,0.0
2020-09,CSiOPKW1OQP,Karama (Nyagatare),,14.0,0.28,28.5,20.5,12.9,0.5,69.39,96.43,21.34,66.1,JVpVNtso1j1,2020,9,2020,36179.0,1.0
2020-10,CSiOPKW1OQP,Karama (Nyagatare),1.0,15.0,0.43,26.9,19.8,12.0,0.68,185.09,121.16,105.34,73.8,JVpVNtso1j1,2020,10,2020,36179.0,0.0
2020-11,CSiOPKW1OQP,Karama (Nyagatare),,15.5,0.55,25.2,19.0,11.5,0.79,115.92,178.72,122.64,80.1,JVpVNtso1j1,2020,11,2020,36179.0,0.0
2020-12,CSiOPKW1OQP,Karama (Nyagatare),1.0,14.9,0.48,25.7,19.4,12.3,0.75,135.69,87.74,18.0,75.3,JVpVNtso1j1,2020,12,2020,36179.0,0.0
2021-01,CSiOPKW1OQP,Karama (Nyagatare),5.0,14.7,0.45,26.5,19.8,12.1,0.69,112.03,79.1,56.34,72.4,JVpVNtso1j1,2021,1,2020,37016.0,0.0
2021-02,CSiOPKW1OQP,Karama (Nyagatare),,14.7,0.36,27.6,20.9,13.6,0.63,77.88,41.61,52.35,67.4,JVpVNtso1j1,2021,2,2020,37016.0,0.0
2021-03,CSiOPKW1OQP,Karama (Nyagatare),4.0,14.7,0.36,27.7,20.5,12.5,0.62,114.5,82.41,88.35,69.5,JVpVNtso1j1,2021,3,2020,37016.0,0.0
2021-04,CSiOPKW1OQP,Karama (Nyagatare),3.0,15.7,0.52,25.6,19.6,12.3,0.69,121.75,105.4,67.33,78.4,JVpVNtso1j1,2021,4,2020,37016.0,0.0
2021-05,CSiOPKW1OQP,Karama (Nyagatare),17.0,15.2,0.48,26.5,19.7,12.7,0.66,129.98,123.85,109.99,75.5,JVpVNtso1j1,2021,5,2020,37016.0,0.0
2021-06,CSiOPKW1OQP,Karama (Nyagatare),23.0,11.9,0.42,27.8,20.4,12.5,0.63,12.84,5.87,10.33,57.9,JVpVNtso1j1,2021,6,2020,37016.0,0.0
2021-07,CSiOPKW1OQP,Karama (Nyagatare),40.0,9.5,0.3,28.3,21.3,13.1,0.54,19.02,6.17,1.67,46.7,JVpVNtso1j1,2021,7,2020,37016.0,0.0
2021-08,CSiOPKW1OQP,Karama (Nyagatare),67.0,12.0,0.27,30.4,20.9,12.2,0.49,49.19,61.37,25.0,56.6,JVpVNtso1j1,2021,8,2021,37016.0,0.0
2021-09,CSiOPKW1OQP,Karama (Nyagatare),46.0,14.5,0.35,27.4,20.2,13.2,0.57,88.97,112.48,78.0,69.5,JVpVNtso1j1,2021,9,2021,37016.0,1.0
2021-10,CSiOPKW1OQP,Karama (Nyagatare),22.0,14.9,0.5,27.2,20.7,12.8,0.71,117.31,70.72,101.98,69.3,JVpVNtso1j1,2021,10,2021,37016.0,0.0
2021-11,CSiOPKW1OQP,Karama (Nyagatare),19.0,14.7,0.51,27.6,20.0,11.9,0.76,90.9,92.57,62.01,71.7,JVpVNtso1j1,2021,11,2021,37016.0,0.0
2021-12,CSiOPKW1OQP,Karama (Nyagatare),7.0,15.2,0.5,26.5,19.9,13.1,0.73,98.44,82.45,80.66,74.5,JVpVNtso1j1,2021,12,2021,37016.0,0.0
2022-01,CSiOPKW1OQP,Karama (Nyagatare),12.0,13.7,0.42,28.3,20.6,12.7,0.65,62.66,33.15,47.33,64.4,JVpVNtso1j1,2022,1,2021,32949.0,0.0
2022-02,CSiOPKW1OQP,Karama (Nyagatare),17.0,14.6,0.38,27.7,20.7,13.3,0.63,122.12,80.56,75.99,68.3,JVpVNtso1j1,2022,2,2021,32949.0,0.0
2022-03,CSiOPKW1OQP,Karama (Nyagatare),14.0,14.5,0.38,29.2,21.1,12.4,0.65,108.05,71.36,77.67,66.2,JVpVNtso1j1,2022,3,2021,32949.0,0.0
2022-04,CSiOPKW1OQP,Karama (Nyagatare),14.0,15.5,0.48,27.3,20.0,12.7,0.76,120.04,166.35,94.66,75.7,JVpVNtso1j1,2022,4,2021,32949.0,0.0
2022-05,CSiOPKW1OQP,Karama (Nyagatare),11.0,15.0,0.52,26.0,19.7,12.3,0.71,140.94,91.65,86.33,74.5,JVpVNtso1j1,2022,5,2021,32949.0,0.0
2022-06,CSiOPKW1OQP,Karama (Nyagatare),14.0,11.7,0.42,26.3,19.6,11.8,0.64,6.73,6.41,4.66,60.2,JVpVNtso1j1,2022,6,2021,32949.0,0.0
2022-07,CSiOPKW1OQP,Karama (Nyagatare),17.0,9.2,0.31,27.8,21.0,11.8,0.52,10.57,26.49,14.66,46.6,JVpVNtso1j1,2022,7,2021,32949.0,0.0
2022-08,CSiOPKW1OQP,Karama (Nyagatare),6.0,13.0,0.32,27.7,20.0,12.0,0.53,48.31,114.73,74.34,64.1,JVpVNtso1j1,2022,8,2022,32949.0,0.0
2022-09,CSiOPKW1OQP,Karama (Nyagatare),10.0,14.5,0.44,26.4,19.7,12.8,0.63,73.74,94.92,107.68,71.8,JVpVNtso1j1,2022,9,2022,32949.0,1.0
2022-10,CSiOPKW1OQP,Karama (Nyagatare),14.0,14.0,0.5,29.3,20.5,12.3,0.7,103.98,61.94,111.67,66.3,JVpVNtso1j1,2022,10,2022,32949.0,0.0
2022-11,CSiOPKW1OQP,Karama (Nyagatare),14.0,15.4,0.55,25.1,18.9,13.1,0.73,145.36,249.96,105.01,79.8,JVpVNtso1j1,2022,11,2022,32949.0,0.0
2022-12,CSiOPKW1OQP,Karama (Nyagatare),12.0,14.8,0.48,25.2,18.7,11.6,0.74,99.82,105.47,165.36,78.0,JVpVNtso1j1,2022,12,2022,32949.0,0.0
2023-01,CSiOPKW1OQP,Karama (Nyagatare),14.0,13.3,0.42,28.3,19.8,11.5,0.67,105.16,27.15,56.99,66.0,JVpVNtso1j1,2023,1,2022,33577.0,0.0
2023-02,CSiOPKW1OQP,Karama (Nyagatare),12.0,12.8,0.31,29.6,21.7,12.4,0.55,25.47,49.26,19.02,57.1,JVpVNtso1j1,2023,2,2022,33577.0,0.0
2023-03,CSiOPKW1OQP,Karama (Nyagatare),4.0,15.5,0.37,28.1,19.5,13.0,0.69,147.06,234.33,117.67,77.6,JVpVNtso1j1,2023,3,2022,33577.0,0.0
2023-04,CSiOPKW1OQP,Karama (Nyagatare),10.0,15.8,0.56,26.3,19.3,12.2,0.74,193.19,155.76,194.98,80.2,JVpVNtso1j1,2023,4,2022,33577.0,0.0
2023-05,CSiOPKW1OQP,Karama (Nyagatare),12.0,15.2,0.5,27.3,20.4,13.6,0.74,137.49,63.62,40.0,72.2,JVpVNtso1j1,2023,5,2022,33577.0,0.0
2023-06,CSiOPKW1OQP,Karama (Nyagatare),12.0,13.6,0.41,27.1,20.9,13.2,0.61,12.11,22.94,21.33,62.9,JVpVNtso1j1,2023,6,2022,33577.0,0.0
2023-07,CSiOPKW1OQP,Karama (Nyagatare),13.0,8.7,0.34,29.1,21.9,13.1,0.55,33.730000000000004,0.48,0.0,42.8,JVpVNtso1j1,2023,7,2022,33577.0,0.0
2023-08,CSiOPKW1OQP,Karama (Nyagatare),14.0,10.7,0.29,30.2,22.8,14.9,0.46,55.35,5.26,2.67,46.4,JVpVNtso1j1,2023,8,2023,33577.0,0.0
2023-09,CSiOPKW1OQP,Karama (Nyagatare),6.0,15.1,0.32,28.5,20.9,13.1,0.5,76.97,128.02,161.67,69.6,JVpVNtso1j1,2023,9,2023,33577.0,1.0
2023-10,CSiOPKW1OQP,Karama (Nyagatare),18.0,15.4,0.41,28.6,20.5,12.9,0.66,108.54,119.8,89.67,72.6,JVpVNtso1j1,2023,10,2023,33577.0,0.0
2023-11,CSiOPKW1OQP,Karama (Nyagatare),19.0,16.1,0.48,25.4,18.9,12.3,0.63,133.25,197.22,163.35,84.0,JVpVNtso1j1,2023,11,2023,33577.0,0.0
2023-12,CSiOPKW1OQP,Karama (Nyagatare),22.0,15.9,0.51,26.4,20.1,13.1,0.77,113.07,89.01,163.99,76.8,JVpVNtso1j1,2023,12,2023,33577.0,0.0
2024-01,CSiOPKW1OQP,Karama (Nyagatare),19.0,15.4,0.45,27.1,20.8,13.9,0.7,50.3,129.69,163.99,71.3,JVpVNtso1j1,2024,1,2023,34319.0,0.0
2024-02,CSiOPKW1OQP,Karama (Nyagatare),6.0,15.7,0.43,27.7,21.2,13.8,0.66,47.42,176.43,163.99,70.9,JVpVNtso1j1,2024,2,2023,34319.0,0.0
2024-03,CSiOPKW1OQP,Karama (Nyagatare),13.0,15.9,0.44,29.0,21.5,13.5,0.67,74.32,165.17,163.99,70.3,JVpVNtso1j1,2024,3,2023,34319.0,0.0
2024-04,CSiOPKW1OQP,Karama (Nyagatare),9.0,16.8,0.51,26.4,20.2,14.0,0.63,167.59,371.66,163.99,81.0,JVpVNtso1j1,2024,4,2023,34319.0,0.0
2024-05,CSiOPKW1OQP,Karama (Nyagatare),9.0,15.5,0.49,27.9,21.2,14.0,0.73,65.68,168.82,163.99,70.0,JVpVNtso1j1,2024,5,2023,34319.0,0.0
2024-06,CSiOPKW1OQP,Karama (Nyagatare),11.0,11.0,0.39,28.4,21.37,12.6,0.65,1.85,5.19,163.99,50.0,JVpVNtso1j1,2024,6,2023,34319.0,0.0
2024-07,CSiOPKW1OQP,Karama (Nyagatare),2.0,11.3,0.33,29.7,21.89,13.0,0.53,6.7,47.47,163.99,50.1,JVpVNtso1j1,2024,7,2023,34319.0,0.0
2024-08,CSiOPKW1OQP,Karama (Nyagatare),9.0,11.8,0.31,30.1,22.03,13.8,0.53,23.86,20.92,163.99,51.3,JVpVNtso1j1,2024,8,2024,34319.0,0.0
2024-09,CSiOPKW1OQP,Karama (Nyagatare),6.0,13.4,0.36,30.1,21.62,14.0,0.55,101.19,154.15,163.99,58.6,JVpVNtso1j1,2024,9,2024,34319.0,1.0
2024-10,CSiOPKW1OQP,Karama (Nyagatare),4.0,14.9,0.44,27.8,20.3,12.8,0.64,110.87,203.72,163.99,70.1,JVpVNtso1j1,2024,10,2024,34319.0,0.0
2024-11,CSiOPKW1OQP,Karama (Nyagatare),4.0,15.5,0.49,26.4,19.37,12.8,0.65,267.63,444.87,163.99,76.9,JVpVNtso1j1,2024,11,2024,34319.0,0.0
2024-12,CSiOPKW1OQP,Karama (Nyagatare),8.0,14.9,0.45,27.2,19.59,12.5,0.72,81.5,227.95,163.99,73.8,JVpVNtso1j1,2024,12,2024,34319.0,0.0
2025-01,CSiOPKW1OQP,Karama (Nyagatare),23.0,13.5,0.67,27.6,20.77,13.3,0.61,50.26,55.49,163.99,62.0,JVpVNtso1j1,2025,1,2024,36389.0,0.0
2025-02,CSiOPKW1OQP,Karama (Nyagatare),17.0,12.9,1.53,31.3,22.01,13.5,0.57,44.51,54.52,163.99,55.0,JVpVNtso1j1,2025,2,2024,36389.0,0.0
2025-03,CSiOPKW1OQP,Karama (Nyagatare),17.0,13.3,1.49,31.0,21.26,13.2,0.48,139.42,201.3,163.99,65.0,JVpVNtso1j1,2025,3,2024,36389.0,0.0
2025-04,CSiOPKW1OQP,Karama (Nyagatare),6.0,13.3,2.08,26.9,19.72,13.0,0.7,356.03,365.09,163.99,79.92,JVpVNtso1j1,2025,4,2024,36389.0,0.0
2025-05,CSiOPKW1OQP,Karama (Nyagatare),13.0,13.3,2.5,25.9,19.31,13.2,0.71,129.75,69.64,163.99,78.34,JVpVNtso1j1,2025,5,2024,36389.0,0.0
2025-06,CSiOPKW1OQP,Karama (Nyagatare),6.0,13.3,1.84,26.8,19.61,11.9,0.72,25.55,54.68,163.99,68.59,JVpVNtso1j1,2025,6,2024,36389.0,0.0
2025-07,CSiOPKW1OQP,Karama (Nyagatare),18.0,13.3,1.99,27.9,20.42,12.0,0.64,3.7,10.92,163.99,57.88,JVpVNtso1j1,2025,7,2024,36389.0,0.0
2025-08,CSiOPKW1OQP,Karama (Nyagatare),40.0,13.3,1.39,28.4,20.15,11.3,0.58,46.41,64.15,163.99,60.85,JVpVNtso1j1,2025,8,2025,36389.0,0.0
2025-09,CSiOPKW1OQP,Karama (Nyagatare),20.0,13.3,1.35,29.0,21.16,13.2,0.59,53.13,40.85,163.99,60.06,JVpVNtso1j1,2025,9,2025,36389.0,0.0
2025-10,CSiOPKW1OQP,Karama (Nyagatare),46.0,13.3,2.27,27.1,19.62,12.1,0.71,153.1,207.94,163.99,75.63,JVpVNtso1j1,2025,10,2025,36389.0,0.0
2013-01,EritxSJ4SVG,Kabare,886.0,16.8,0.35,30.1,21.8,14.8,0.59,77.8,53.91,84.44,73.3,OmudJVpFUAM,2013,1,2012,35919.0,0.0
2013-02,EritxSJ4SVG,Kabare,999.0,16.1,0.31,30.3,22.4,14.8,0.56,62.26,46.07,49.44,67.6,OmudJVpFUAM,2013,2,2012,35919.0,0.0
2013-03,EritxSJ4SVG,Kabare,562.0,16.9,0.33,31.1,21.4,14.8,0.62,175.25,167.77,122.86,75.6,OmudJVpFUAM,2013,3,2012,35919.0,0.0
2013-04,EritxSJ4SVG,Kabare,479.0,17.4,0.34,27.2,20.6,14.8,0.48,140.24,199.58,186.43,82.1,OmudJVpFUAM,2013,4,2012,35919.0,0.0
2013-05,EritxSJ4SVG,Kabare,1142.0,15.8,0.46,26.6,21.1,14.8,0.69,51.96,88.6,34.99,71.9,OmudJVpFUAM,2013,5,2012,35919.0,0.0
2013-06,EritxSJ4SVG,Kabare,1303.0,11.7,0.35,28.6,22.4,14.8,0.55,26.165,0.19,0.0,51.0,OmudJVpFUAM,2013,6,2012,35919.0,0.0
2013-07,EritxSJ4SVG,Kabare,509.0,9.8,0.27,29.7,23.0,14.8,0.48,0.37,0.67,0.0,43.1,OmudJVpFUAM,2013,7,2012,35919.0,0.0
2013-08,EritxSJ4SVG,Kabare,239.0,12.6,0.23,29.8,22.4,14.8,0.41,9.59,24.02,60.29,54.0,OmudJVpFUAM,2013,8,2013,35919.0,0.0
2013-09,EritxSJ4SVG,Kabare,219.0,15.7,0.22,29.8,21.5,14.9,0.4,72.78,97.24,98.7,69.3,OmudJVpFUAM,2013,9,2013,35919.0,0.0
2013-10,EritxSJ4SVG,Kabare,671.0,15.4,0.24,28.8,21.3,14.0,0.45,68.38,77.82,25.85,69.0,OmudJVpFUAM,2013,10,2013,35919.0,0.0
2013-11,EritxSJ4SVG,Kabare,1141.0,16.8,0.34,27.4,20.6,14.6,0.57,150.06,155.11,88.99,78.8,OmudJVpFUAM,2013,11,2013,35919.0,0.0
2013-12,EritxSJ4SVG,Kabare,1835.0,16.8,0.28,26.9,20.6,15.0,0.42,111.42,125.49,38.14,78.6,OmudJVpFUAM,2013,12,2013,35919.0,0.0
2014-01,EritxSJ4SVG,Kabare,2216.0,16.4,0.29,27.4,21.4,14.5,0.52,63.78,80.14,54.43,73.3,OmudJVpFUAM,2014,1,2013,36997.0,0.0
2014-02,EritxSJ4SVG,Kabare,1336.0,16.1,0.25,30.0,22.1,15.5,0.51,94.3,60.09,170.86,69.0,OmudJVpFUAM,2014,2,2013,36997.0,0.0
2014-03,EritxSJ4SVG,Kabare,1100.0,16.8,0.3,29.1,21.5,15.0,0.51,143.79,116.79,75.72,74.6,OmudJVpFUAM,2014,3,2013,36997.0,0.0
2014-04,EritxSJ4SVG,Kabare,1072.0,16.8,0.44,28.1,20.8,14.9,0.67,110.47,110.94,92.57,77.8,OmudJVpFUAM,2014,4,2013,36997.0,0.0
2014-05,EritxSJ4SVG,Kabare,2192.0,15.4,0.34,28.0,21.8,15.0,0.53,36.92,40.32,7.71,67.1,OmudJVpFUAM,2014,5,2013,36997.0,0.0
2014-06,EritxSJ4SVG,Kabare,1717.0,13.6,0.29,29.2,22.3,14.0,0.49,6.7,16.15,3.28,57.9,OmudJVpFUAM,2014,6,2013,36997.0,0.0
2014-07,EritxSJ4SVG,Kabare,1093.0,11.5,0.23,29.4,22.6,14.7,0.41,10.045,18.95,7.44,49.8,OmudJVpFUAM,2014,7,2013,36997.0,0.0
2014-08,EritxSJ4SVG,Kabare,901.0,14.6,0.22,28.8,21.4,15.4,0.41,13.39,68.78,68.13,65.2,OmudJVpFUAM,2014,8,2014,36997.0,0.0
2014-09,EritxSJ4SVG,Kabare,1645.0,15.4,0.27,28.2,20.8,14.2,0.46,54.8,84.91,82.14,71.1,OmudJVpFUAM,2014,9,2014,36997.0,0.0
2014-10,EritxSJ4SVG,Kabare,2804.0,16.4,0.33,28.5,21.1,15.2,0.56,102.2,146.21,127.41,74.3,OmudJVpFUAM,2014,10,2014,36997.0,0.0
2014-11,EritxSJ4SVG,Kabare,4562.0,16.8,0.42,27.3,21.2,14.9,0.67,128.45,97.58,67.56,76.3,OmudJVpFUAM,2014,11,2014,36997.0,0.0
2014-12,EritxSJ4SVG,Kabare,4974.0,16.6,0.38,27.7,21.2,15.1,0.68,67.74,105.7,90.14,74.7,OmudJVpFUAM,2014,12,2014,36997.0,0.0
2015-01,EritxSJ4SVG,Kabare,3795.0,15.4,0.37,29.6,22.2,14.7,0.6,25.07,44.69,15.72,65.6,OmudJVpFUAM,2015,1,2014,38921.0,0.0
2015-02,EritxSJ4SVG,Kabare,2483.0,16.3,0.34,30.1,22.3,15.3,0.51,54.03,74.64,55.99,68.9,OmudJVpFUAM,2015,2,2014,38921.0,0.0
2015-03,EritxSJ4SVG,Kabare,1188.0,16.0,0.32,30.3,22.0,15.0,0.52,126.66,118.03,87.43,68.8,OmudJVpFUAM,2015,3,2014,38921.0,0.0
2015-04,EritxSJ4SVG,Kabare,1784.0,17.3,0.38,27.1,20.5,14.4,0.61,206.36,182.29,202.43,81.8,OmudJVpFUAM,2015,4,2014,38921.0,0.0
2015-05,EritxSJ4SVG,Kabare,2605.0,16.4,0.46,27.4,21.4,15.4,0.72,53.1,58.42,67.14,73.6,OmudJVpFUAM,2015,5,2014,38921.0,0.0
2015-06,EritxSJ4SVG,Kabare,3340.0,14.7,0.44,28.0,22.3,15.5,0.68,10.43,22.71,66.71,62.0,OmudJVpFUAM,2015,6,2014,38921.0,0.0
2015-07,EritxSJ4SVG,Kabare,2226.0,11.6,0.32,30.5,23.1,14.3,0.55,5.24,3.64,0.0,48.3,OmudJVpFUAM,2015,7,2014,38921.0,0.0
2015-08,EritxSJ4SVG,Kabare,702.0,11.5,0.24,30.4,23.3,14.3,0.44,10.89,13.83,3.86,47.4,OmudJVpFUAM,2015,8,2015,38921.0,0.0
2015-09,EritxSJ4SVG,Kabare,390.0,15.1,0.22,30.6,22.5,14.7,0.4,37.52,59.32,37.73,63.1,OmudJVpFUAM,2015,9,2015,38921.0,0.0
2015-10,EritxSJ4SVG,Kabare,1009.0,16.8,0.21,29.2,21.5,16.0,0.42,86.62,188.89,79.99,75.0,OmudJVpFUAM,2015,10,2015,38921.0,0.0
2015-11,EritxSJ4SVG,Kabare,4179.0,17.4,0.33,26.3,20.6,15.2,0.54,124.46,174.1,95.84,82.3,OmudJVpFUAM,2015,11,2015,38921.0,0.0
2015-12,EritxSJ4SVG,Kabare,5580.0,17.4,0.4,27.1,21.0,15.4,0.61,77.11,95.45,48.41,79.9,OmudJVpFUAM,2015,12,2015,38921.0,0.0
2016-01,EritxSJ4SVG,Kabare,2568.0,17.6,0.35,28.0,21.8,15.8,0.59,88.46,73.89,34.42,76.7,OmudJVpFUAM,2016,1,2015,40945.0,0.0
2016-02,EritxSJ4SVG,Kabare,1524.0,17.1,0.28,30.2,23.1,16.4,0.48,57.68,53.41,58.56,68.7,OmudJVpFUAM,2016,2,2015,40945.0,0.0
2016-03,EritxSJ4SVG,Kabare,887.0,17.7,0.32,30.1,23.1,16.4,0.51,160.81,70.91,47.12,71.7,OmudJVpFUAM,2016,3,2015,40945.0,0.0
2016-04,EritxSJ4SVG,Kabare,1071.0,18.0,0.42,27.2,21.2,16.4,0.62,180.27,174.31,152.85,81.8,OmudJVpFUAM,2016,4,2015,40945.0,0.0
2016-05,EritxSJ4SVG,Kabare,3536.0,15.5,0.42,28.4,22.1,15.4,0.66,48.24,42.03,19.58,65.9,OmudJVpFUAM,2016,5,2015,40945.0,0.0
2016-06,EritxSJ4SVG,Kabare,3785.0,12.2,0.31,28.4,22.4,14.9,0.54,25.025,4.38,0.0,52.5,OmudJVpFUAM,2016,6,2015,40945.0,0.0
2016-07,EritxSJ4SVG,Kabare,1524.0,10.4,0.24,30.7,23.0,15.0,0.43,1.81,0.6,0.0,44.8,OmudJVpFUAM,2016,7,2015,40945.0,0.0
2016-08,EritxSJ4SVG,Kabare,839.0,10.4,0.21,31.4,23.5,14.9,0.37,6.28,4.72,0.58,43.7,OmudJVpFUAM,2016,8,2016,40945.0,0.0
2016-09,EritxSJ4SVG,Kabare,599.0,13.8,0.18,30.7,22.9,16.1,0.35,42.84,52.91,43.56,56.4,OmudJVpFUAM,2016,9,2016,40945.0,0.0
2016-10,EritxSJ4SVG,Kabare,2446.0,15.8,0.27,29.4,22.1,15.5,0.45,107.88,85.52,16.29,67.6,OmudJVpFUAM,2016,10,2016,40945.0,0.0
2016-11,EritxSJ4SVG,Kabare,4019.0,17.0,0.34,27.3,21.0,15.8,0.57,125.49,148.67,117.55,78.0,OmudJVpFUAM,2016,11,2016,40945.0,0.0
2016-12,EritxSJ4SVG,Kabare,3472.0,16.6,0.39,27.6,21.4,14.6,0.59,69.21,81.77,48.85,74.3,OmudJVpFUAM,2016,12,2016,40945.0,0.0
2017-01,EritxSJ4SVG,Kabare,6323.0,15.3,0.27,30.2,22.3,15.5,0.49,46.4,68.2,6.57,64.5,OmudJVpFUAM,2017,1,2016,40948.0,0.0
2017-02,EritxSJ4SVG,Kabare,3993.0,16.8,0.28,28.8,21.8,15.3,0.5,59.31,99.94,17.87,73.2,OmudJVpFUAM,2017,2,2016,40948.0,0.0
2017-03,EritxSJ4SVG,Kabare,1276.0,17.4,0.35,28.4,21.5,15.0,0.54,100.39,129.62,55.57,77.4,OmudJVpFUAM,2017,3,2016,40948.0,0.0
2017-04,EritxSJ4SVG,Kabare,2261.0,16.6,0.44,28.9,21.3,14.9,0.63,102.29,100.4,29.86,74.5,OmudJVpFUAM,2017,4,2016,40948.0,0.0
2017-05,EritxSJ4SVG,Kabare,4303.0,15.6,0.48,29.4,21.3,15.0,0.7,135.99,73.06,13.0,70.1,OmudJVpFUAM,2017,5,2016,40948.0,0.0
2017-06,EritxSJ4SVG,Kabare,5711.0,12.4,0.34,29.5,23.0,15.5,0.57,68.83,1.74,0.0,51.2,OmudJVpFUAM,2017,6,2016,40948.0,0.0
2017-07,EritxSJ4SVG,Kabare,4503.0,11.6,0.27,30.2,23.5,15.5,0.46,1.67,2.38,0.0,47.3,OmudJVpFUAM,2017,7,2016,40948.0,0.0
2017-08,EritxSJ4SVG,Kabare,1793.0,13.6,0.24,29.4,22.8,15.8,0.4,20.02,31.78,1.72,56.3,OmudJVpFUAM,2017,8,2017,40948.0,0.0
2017-09,EritxSJ4SVG,Kabare,1781.0,15.7,0.22,28.6,21.7,14.5,0.41,69.9,79.2,25.71,68.5,OmudJVpFUAM,2017,9,2017,40948.0,0.0
2017-10,EritxSJ4SVG,Kabare,2849.0,16.2,0.22,30.1,21.9,14.7,0.39,103.98,106.66,20.27,70.1,OmudJVpFUAM,2017,10,2017,40948.0,0.0
2017-11,EritxSJ4SVG,Kabare,2934.0,16.8,0.32,26.9,20.9,14.9,0.55,141.43,135.34,50.44,77.4,OmudJVpFUAM,2017,11,2017,40948.0,0.0
2017-12,EritxSJ4SVG,Kabare,5045.0,16.6,0.38,27.5,21.5,15.0,0.58,64.41,96.27,4.58,73.9,OmudJVpFUAM,2017,12,2017,40948.0,0.0
2018-01,EritxSJ4SVG,Kabare,5872.0,16.5,0.22,27.1,20.9,14.5,0.38,116.89,126.14,52.14,75.7,OmudJVpFUAM,2018,1,2017,41920.0,0.0
2018-02,EritxSJ4SVG,Kabare,1864.0,16.8,0.27,29.0,22.2,15.6,0.46,40.7,97.04,5.15,71.8,OmudJVpFUAM,2018,2,2017,41920.0,0.0
2018-03,EritxSJ4SVG,Kabare,3484.0,17.3,0.3,27.6,21.1,15.7,0.52,223.63,143.47,139.16,78.8,OmudJVpFUAM,2018,3,2017,41920.0,0.0
2018-04,EritxSJ4SVG,Kabare,3892.0,17.3,0.32,26.6,20.2,15.5,0.48,285.41,279.27,170.29,83.5,OmudJVpFUAM,2018,4,2017,41920.0,0.0
2018-05,EritxSJ4SVG,Kabare,5451.0,16.1,0.46,26.5,20.8,14.4,0.68,104.56,73.95,57.84,74.4,OmudJVpFUAM,2018,5,2017,41920.0,0.0
2018-06,EritxSJ4SVG,Kabare,2754.0,12.6,0.39,29.0,21.8,14.4,0.66,74.89,5.81,4.0,56.0,OmudJVpFUAM,2018,6,2017,41920.0,0.0
2018-07,EritxSJ4SVG,Kabare,4233.0,10.4,0.3,28.3,21.5,12.7,0.52,45.22,6.32,41.01,49.2,OmudJVpFUAM,2018,7,2017,41920.0,0.0
2018-08,EritxSJ4SVG,Kabare,2795.0,13.6,0.26,29.3,21.4,14.2,0.45,15.55,94.82,51.28,61.1,OmudJVpFUAM,2018,8,2018,41920.0,0.0
2018-09,EritxSJ4SVG,Kabare,2458.0,15.6,0.26,28.5,21.4,14.6,0.46,33.63,47.57,11.99,69.5,OmudJVpFUAM,2018,9,2018,41920.0,0.0
2018-10,EritxSJ4SVG,Kabare,2851.0,15.9,0.24,28.5,21.5,14.9,0.46,75.69,113.76,29.43,70.5,OmudJVpFUAM,2018,10,2018,41920.0,0.0
2018-11,EritxSJ4SVG,Kabare,4674.0,17.0,0.3,27.4,21.6,15.4,0.52,101.52,95.39,60.01,75.1,OmudJVpFUAM,2018,11,2018,41920.0,0.0
2018-12,EritxSJ4SVG,Kabare,7498.0,17.1,0.35,27.1,20.9,15.4,0.58,182.67,113.11,70.44,79.0,OmudJVpFUAM,2018,12,2018,41920.0,0.0
2019-01,EritxSJ4SVG,Kabare,9486.0,16.7,0.33,28.5,21.9,15.5,0.58,128.74,72.33,58.57,72.3,OmudJVpFUAM,2019,1,2018,43324.0,0.0
2019-02,EritxSJ4SVG,Kabare,6745.0,16.6,0.26,29.6,22.5,16.0,0.5,65.55,68.44,28.58,69.1,OmudJVpFUAM,2019,2,2018,43324.0,0.0
2019-03,EritxSJ4SVG,Kabare,4009.0,16.7,0.29,30.4,22.6,15.0,0.5,90.97,93.91,72.86,69.3,OmudJVpFUAM,2019,3,2018,43324.0,0.0
2019-04,EritxSJ4SVG,Kabare,4740.0,17.6,0.36,28.8,21.7,16.0,0.65,136.6,127.54,111.56,77.6,OmudJVpFUAM,2019,4,2018,43324.0,0.0
2019-05,EritxSJ4SVG,Kabare,3490.0,17.3,0.39,27.1,21.1,15.7,0.54,149.97,86.44,53.72,78.8,OmudJVpFUAM,2019,5,2018,43324.0,1.0
2019-06,EritxSJ4SVG,Kabare,2444.0,14.8,0.36,27.8,21.9,15.1,0.58,5.3,46.24,22.43,64.1,OmudJVpFUAM,2019,6,2018,43324.0,0.0
2019-07,EritxSJ4SVG,Kabare,1537.0,12.9,0.29,30.1,22.4,14.1,0.51,2.24,10.58,3.29,55.0,OmudJVpFUAM,2019,7,2018,43324.0,0.0
2019-08,EritxSJ4SVG,Kabare,679.0,13.3,0.23,29.6,22.6,14.5,0.42,21.0,32.86,9.44,55.8,OmudJVpFUAM,2019,8,2019,43324.0,0.0
2019-09,EritxSJ4SVG,Kabare,612.0,15.4,0.22,29.4,22.0,15.6,0.39,63.01,62.97,48.85,66.3,OmudJVpFUAM,2019,9,2019,43324.0,0.0
2019-10,EritxSJ4SVG,Kabare,658.0,16.7,0.25,26.5,20.5,14.3,0.42,99.31,194.19,80.43,78.7,OmudJVpFUAM,2019,10,2019,43324.0,0.0
2019-11,EritxSJ4SVG,Kabare,589.0,17.0,0.39,27.1,21.3,14.4,0.55,143.46,105.7,98.15,76.7,OmudJVpFUAM,2019,11,2019,43324.0,0.0
2019-12,EritxSJ4SVG,Kabare,742.0,17.4,0.4,27.4,20.7,14.5,0.57,88.54,183.63,82.29,81.6,OmudJVpFUAM,2019,12,2019,43324.0,0.0
2020-01,EritxSJ4SVG,Kabare,897.0,17.3,0.38,29.1,21.7,15.5,0.66,120.2,77.27,80.0,76.1,OmudJVpFUAM,2020,1,2019,44749.0,0.0
2020-02,EritxSJ4SVG,Kabare,1253.0,17.8,0.4,28.7,21.9,16.2,0.61,141.92,130.62,79.15,77.7,OmudJVpFUAM,2020,2,2019,44749.0,0.0
2020-03,EritxSJ4SVG,Kabare,1225.0,18.0,0.31,28.5,21.6,15.8,0.45,151.59,160.02,170.43,79.9,OmudJVpFUAM,2020,3,2019,44749.0,0.0
2020-04,EritxSJ4SVG,Kabare,937.0,17.7,0.48,28.1,21.2,16.1,0.7,190.8,209.04,142.41,80.3,OmudJVpFUAM,2020,4,2019,44749.0,0.0
2020-05,EritxSJ4SVG,Kabare,1122.0,16.0,0.44,27.8,21.7,14.5,0.65,45.74,51.48,31.87,70.1,OmudJVpFUAM,2020,5,2019,44749.0,1.0
2020-06,EritxSJ4SVG,Kabare,805.0,13.6,0.4,28.0,22.1,14.7,0.64,2.71,32.09,11.0,58.4,OmudJVpFUAM,2020,6,2019,44749.0,0.0
2020-07,EritxSJ4SVG,Kabare,666.0,11.1,0.3,29.4,22.4,14.1,0.53,2.44,3.68,0.0,48.8,OmudJVpFUAM,2020,7,2019,44749.0,0.0
2020-08,EritxSJ4SVG,Kabare,709.0,13.1,0.25,30.9,23.1,15.1,0.45,5.78,17.91,7.73,53.1,OmudJVpFUAM,2020,8,2020,44749.0,0.0
2020-09,EritxSJ4SVG,Kabare,691.0,14.5,0.22,30.7,22.4,15.1,0.41,38.59,50.16,22.56,61.3,OmudJVpFUAM,2020,9,2020,44749.0,0.0
2020-10,EritxSJ4SVG,Kabare,674.0,16.0,0.23,28.9,21.8,15.8,0.43,188.93,101.6,62.15,69.8,OmudJVpFUAM,2020,10,2020,44749.0,0.0
2020-11,EritxSJ4SVG,Kabare,401.0,16.9,0.32,27.1,20.8,14.9,0.57,111.69,141.44,128.14,78.8,OmudJVpFUAM,2020,11,2020,44749.0,0.0
2020-12,EritxSJ4SVG,Kabare,480.0,16.6,0.41,26.8,21.1,15.1,0.62,187.62,85.8,34.44,75.8,OmudJVpFUAM,2020,12,2020,44749.0,0.0
2021-01,EritxSJ4SVG,Kabare,1036.0,16.5,0.38,27.7,21.2,15.4,0.64,59.64,93.95,120.88,74.7,OmudJVpFUAM,2021,1,2020,45784.0,0.0
2021-02,EritxSJ4SVG,Kabare,856.0,16.7,0.37,28.7,21.8,15.4,0.62,89.72,76.71,49.0,72.6,OmudJVpFUAM,2021,2,2020,45784.0,0.0
2021-03,EritxSJ4SVG,Kabare,896.0,16.1,0.34,29.9,22.0,15.3,0.63,121.43,100.21,68.56,69.4,OmudJVpFUAM,2021,3,2020,45784.0,1.0
2021-04,EritxSJ4SVG,Kabare,586.0,16.9,0.44,26.6,20.9,15.0,0.66,126.18,109.5,134.73,78.2,OmudJVpFUAM,2021,4,2020,45784.0,0.0
2021-05,EritxSJ4SVG,Kabare,394.0,16.2,0.37,27.5,21.1,14.9,0.53,182.46,123.23,56.71,73.3,OmudJVpFUAM,2021,5,2020,45784.0,0.0
2021-06,EritxSJ4SVG,Kabare,454.0,12.4,0.37,28.9,22.1,14.8,0.6,0.46,3.6,33.57,54.1,OmudJVpFUAM,2021,6,2020,45784.0,0.0
2021-07,EritxSJ4SVG,Kabare,172.0,9.8,0.27,29.3,22.4,14.0,0.48,5.97,4.32,0.29,44.8,OmudJVpFUAM,2021,7,2020,45784.0,0.0
2021-08,EritxSJ4SVG,Kabare,180.0,12.6,0.23,32.9,22.4,14.7,0.42,11.48,36.61,13.99,53.6,OmudJVpFUAM,2021,8,2021,45784.0,0.0
2021-09,EritxSJ4SVG,Kabare,173.0,15.1,0.24,29.8,22.0,15.4,0.42,45.45,75.93,18.13,65.3,OmudJVpFUAM,2021,9,2021,45784.0,0.0
2021-10,EritxSJ4SVG,Kabare,80.0,15.9,0.28,29.4,22.5,16.3,0.48,104.81,70.18,69.45,66.2,OmudJVpFUAM,2021,10,2021,45784.0,1.0
2021-11,EritxSJ4SVG,Kabare,94.0,16.0,0.29,29.8,21.8,15.3,0.46,94.96,77.0,34.0,69.6,OmudJVpFUAM,2021,11,2021,45784.0,0.0
2021-12,EritxSJ4SVG,Kabare,113.0,16.8,0.3,27.7,21.6,15.7,0.49,122.02,110.7,60.02,74.4,OmudJVpFUAM,2021,12,2021,45784.0,0.0
2022-01,EritxSJ4SVG,Kabare,128.0,15.6,0.29,29.2,21.6,14.9,0.54,97.2,72.84,59.57,68.8,OmudJVpFUAM,2022,1,2021,40228.0,0.0
2022-02,EritxSJ4SVG,Kabare,141.0,16.7,0.32,27.6,21.1,15.0,0.57,114.48,99.38,164.58,76.1,OmudJVpFUAM,2022,2,2021,40228.0,0.0
2022-03,EritxSJ4SVG,Kabare,89.0,16.4,0.34,29.8,22.2,14.3,0.58,114.96,75.92,94.99,69.6,OmudJVpFUAM,2022,3,2021,40228.0,0.0
2022-04,EritxSJ4SVG,Kabare,70.0,16.6,0.4,29.4,21.5,15.2,0.68,176.19,156.71,163.3,73.9,OmudJVpFUAM,2022,4,2021,40228.0,0.0
2022-05,EritxSJ4SVG,Kabare,75.0,15.9,0.43,28.0,21.3,14.6,0.67,76.51,70.46,65.28,71.2,OmudJVpFUAM,2022,5,2021,40228.0,0.0
2022-06,EritxSJ4SVG,Kabare,68.0,12.1,0.38,28.8,21.4,13.7,0.6,2.65,1.7,0.0,55.7,OmudJVpFUAM,2022,6,2021,40228.0,0.0
2022-07,EritxSJ4SVG,Kabare,44.0,9.7,0.27,29.5,22.2,13.8,0.48,3.3,14.8,2.57,44.8,OmudJVpFUAM,2022,7,2021,40228.0,0.0
2022-08,EritxSJ4SVG,Kabare,41.0,13.4,0.25,29.7,21.7,14.9,0.45,19.59,68.95,23.15,59.3,OmudJVpFUAM,2022,8,2022,40228.0,0.0
2022-09,EritxSJ4SVG,Kabare,31.0,15.1,0.24,28.3,21.8,15.6,0.43,47.73,46.35,76.56,66.0,OmudJVpFUAM,2022,9,2022,40228.0,0.0
2022-10,EritxSJ4SVG,Kabare,21.0,15.0,0.32,30.6,22.5,15.3,0.53,72.92,51.44,63.7,62.6,OmudJVpFUAM,2022,10,2022,40228.0,1.0
2022-11,EritxSJ4SVG,Kabare,44.0,16.5,0.38,28.5,20.8,15.3,0.56,117.92,180.04,147.0,76.4,OmudJVpFUAM,2022,11,2022,40228.0,0.0
2022-12,EritxSJ4SVG,Kabare,45.0,16.3,0.37,27.0,20.6,14.8,0.65,101.56,138.35,58.58,76.2,OmudJVpFUAM,2022,12,2022,40228.0,0.0
2023-01,EritxSJ4SVG,Kabare,28.0,15.2,0.33,29.8,21.5,14.5,0.58,115.23,36.91,44.73,67.4,OmudJVpFUAM,2023,1,2022,40995.0,0.0
2023-02,EritxSJ4SVG,Kabare,37.0,15.2,0.27,31.2,22.8,15.4,0.42,31.92,72.0,60.16,62.0,OmudJVpFUAM,2023,2,2022,40995.0,0.0
2023-03,EritxSJ4SVG,Kabare,22.0,16.8,0.28,29.4,20.9,15.1,0.49,171.47,177.74,165.71,77.2,OmudJVpFUAM,2023,3,2022,40995.0,0.0
2023-04,EritxSJ4SVG,Kabare,17.0,17.2,0.43,27.6,20.8,15.2,0.63,157.57,189.41,152.57,79.9,OmudJVpFUAM,2023,4,2022,40995.0,0.0
2023-05,EritxSJ4SVG,Kabare,13.0,16.2,0.45,29.0,22.2,15.6,0.71,57.24,64.79,69.57,69.0,OmudJVpFUAM,2023,5,2022,40995.0,0.0
2023-06,EritxSJ4SVG,Kabare,22.0,13.7,0.39,29.7,23.1,15.6,0.58,2.11,10.19,3.28,55.3,OmudJVpFUAM,2023,6,2022,40995.0,0.0
2023-07,EritxSJ4SVG,Kabare,20.0,9.1,0.28,31.2,23.2,15.1,0.5,0.52,0.17,0.0,40.8,OmudJVpFUAM,2023,7,2022,40995.0,0.0
2023-08,EritxSJ4SVG,Kabare,16.0,11.2,0.23,31.8,24.3,16.2,0.42,3.56,4.67,3.14,43.9,OmudJVpFUAM,2023,8,2023,40995.0,0.0
2023-09,EritxSJ4SVG,Kabare,17.0,16.1,0.25,30.4,22.4,16.3,0.41,54.43,95.6,67.28,67.6,OmudJVpFUAM,2023,9,2023,40995.0,0.0
2023-10,EritxSJ4SVG,Kabare,23.0,16.3,0.33,31.0,22.6,15.3,0.55,68.68,88.55,102.01,67.4,OmudJVpFUAM,2023,10,2023,40995.0,1.0
2023-11,EritxSJ4SVG,Kabare,21.0,17.5,0.43,27.5,20.5,14.7,0.61,169.25,208.58,178.71,82.8,OmudJVpFUAM,2023,11,2023,40995.0,0.0
2023-12,EritxSJ4SVG,Kabare,7.0,17.6,0.39,26.8,21.6,15.5,0.63,107.04,98.38,112.3,78.3,OmudJVpFUAM,2023,12,2023,40995.0,0.0
2024-01,EritxSJ4SVG,Kabare,9.0,17.4,0.42,27.3,21.5,15.9,0.66,58.83,191.54,112.3,77.5,OmudJVpFUAM,2024,1,2023,41901.0,0.0
2024-02,EritxSJ4SVG,Kabare,4.0,17.8,0.42,28.9,22.3,16.2,0.64,36.48,191.06,112.3,75.4,OmudJVpFUAM,2024,2,2023,41901.0,0.0
2024-03,EritxSJ4SVG,Kabare,7.0,17.5,0.37,30.1,22.8,16.1,0.61,87.2,194.69,112.3,71.8,OmudJVpFUAM,2024,3,2023,41901.0,0.0
2024-04,EritxSJ4SVG,Kabare,6.0,17.9,0.39,27.5,21.2,15.7,0.54,174.26,406.24,112.3,81.7,OmudJVpFUAM,2024,4,2023,41901.0,0.0
2024-05,EritxSJ4SVG,Kabare,15.0,16.1,0.49,29.9,23.0,16.6,0.7,45.88,59.3,112.3,65.4,OmudJVpFUAM,2024,5,2023,41901.0,0.0
2024-06,EritxSJ4SVG,Kabare,9.0,11.2,0.35,30.4,22.95,13.4,0.62,0.89,1.62,112.3,45.8,OmudJVpFUAM,2024,6,2023,41901.0,0.0
2024-07,EritxSJ4SVG,Kabare,10.0,11.1,0.28,31.4,23.53,16.4,0.5,1.68,8.52,112.3,44.4,OmudJVpFUAM,2024,7,2023,41901.0,0.0
2024-08,EritxSJ4SVG,Kabare,28.0,11.5,0.26,31.5,23.55,15.9,0.45,6.23,16.01,112.3,45.2,OmudJVpFUAM,2024,8,2024,41901.0,0.0
2024-09,EritxSJ4SVG,Kabare,36.0,13.6,0.23,32.7,23.28,15.6,0.41,54.55,75.96,112.3,53.1,OmudJVpFUAM,2024,9,2024,41901.0,0.0
2024-10,EritxSJ4SVG,Kabare,14.0,15.9,0.3,30.0,21.8,15.9,0.48,88.44,170.64,112.3,67.3,OmudJVpFUAM,2024,10,2024,41901.0,1.0
2024-11,EritxSJ4SVG,Kabare,27.0,16.6,0.32,28.0,20.92,15.6,0.49,218.59,279.64,112.3,74.2,OmudJVpFUAM,2024,11,2024,41901.0,0.0
2024-12,EritxSJ4SVG,Kabare,14.0,16.6,0.37,28.2,20.76,15.5,0.66,96.74,252.24,112.3,74.6,OmudJVpFUAM,2024,12,2024,41901.0,0.0
2025-01,EritxSJ4SVG,Kabare,28.0,15.5,0.63,28.5,21.53,14.8,0.58,69.62,114.93,112.3,66.0,OmudJVpFUAM,2025,1,2024,43728.0,0.0
2025-02,EritxSJ4SVG,Kabare,12.0,14.9,1.69,33.0,22.72,15.6,0.57,35.12,67.24,112.3,58.8,OmudJVpFUAM,2025,2,2024,43728.0,0.0
2025-03,EritxSJ4SVG,Kabare,17.0,14.7,1.23,32.7,22.34,15.7,0.43,150.46,195.39,112.3,64.6,OmudJVpFUAM,2025,3,2024,43728.0,0.0
2025-04,EritxSJ4SVG,Kabare,,14.7,1.79,28.2,20.87,15.6,0.66,413.12,360.55,112.3,78.22,OmudJVpFUAM,2025,4,2024,43728.0,0.0
2025-05,EritxSJ4SVG,Kabare,14.0,14.7,2.38,27.5,20.67,15.6,0.68,115.93,69.53,112.3,74.48,OmudJVpFUAM,2025,5,2024,43728.0,0.0
2025-06,EritxSJ4SVG,Kabare,14.0,14.7,1.5,29.1,21.41,14.1,0.66,9.23,15.06,112.3,60.95,OmudJVpFUAM,2025,6,2024,43728.0,0.0
2025-07,EritxSJ4SVG,Kabare,31.0,14.7,1.6,30.1,21.99,13.9,0.57,1.13,4.44,112.3,50.98,OmudJVpFUAM,2025,7,2024,43728.0,0.0
2025-08,EritxSJ4SVG,Kabare,40.0,14.7,1.1,30.7,21.55,14.7,0.49,12.5,46.22,112.3,55.86,OmudJVpFUAM,2025,8,2025,43728.0,0.0
2025-09,EritxSJ4SVG,Kabare,23.0,14.7,0.9,31.0,22.86,15.5,0.47,26.03,25.39,112.3,54.41,OmudJVpFUAM,2025,9,2025,43728.0,0.0
2025-10,EritxSJ4SVG,Kabare,9.0,14.7,1.33,29.8,21.28,15.8,0.49,120.31,123.75,112.3,70.84,OmudJVpFUAM,2025,10,2025,43728.0,0.0
2013-01,Fczy0xwaJSy,Bugeshi,4.0,10.2,1.06,21.0,13.7,8.2,0.43,87.26,359.2,31.0,79.2,KMmYr3zS8A6,2013,1,2012,30220.0,0.0
2013-02,Fczy0xwaJSy,Bugeshi,28.0,9.6,1.06,21.8,13.8,7.7,0.5,101.28,218.14,180.0,75.6,KMmYr3zS8A6,2013,2,2012,30220.0,0.0
2013-03,Fczy0xwaJSy,Bugeshi,2.0,11.5,1.06,20.5,13.7,8.4,0.52,222.91,1012.52,149.0,86.5,KMmYr3zS8A6,2013,3,2012,30220.0,0.0
2013-04,Fczy0xwaJSy,Bugeshi,,11.5,1.06,20.0,13.6,8.2,0.33,164.59,590.82,125.0,87.0,KMmYr3zS8A6,2013,4,2012,30220.0,0.0
2013-05,Fczy0xwaJSy,Bugeshi,2.0,10.1,1.06,19.1,13.3,8.0,0.58,143.08,197.33,109.0,81.2,KMmYr3zS8A6,2013,5,2012,30220.0,0.0
2013-06,Fczy0xwaJSy,Bugeshi,2.0,7.9,1.06,19.4,13.1,7.0,0.58,25.31,38.54,89.0,70.9,KMmYr3zS8A6,2013,6,2012,30220.0,0.0
2013-07,Fczy0xwaJSy,Bugeshi,,6.5,1.06,20.2,13.4,7.8,0.54,10.35,20.52,28.0,63.0,KMmYr3zS8A6,2013,7,2012,30220.0,0.0
2013-08,Fczy0xwaJSy,Bugeshi,2.0,8.3,1.06,19.9,13.1,7.2,0.51,68.32,160.16,55.0,72.7,KMmYr3zS8A6,2013,8,2013,30220.0,0.0
2013-09,Fczy0xwaJSy,Bugeshi,,10.1,1.06,20.0,13.0,7.8,0.53,124.46,435.23,100.0,82.3,KMmYr3zS8A6,2013,9,2013,30220.0,0.0
2013-10,Fczy0xwaJSy,Bugeshi,2.0,9.9,1.06,20.8,13.2,8.2,0.55,102.51,372.06,48.0,80.0,KMmYr3zS8A6,2013,10,2013,30220.0,0.0
2013-11,Fczy0xwaJSy,Bugeshi,18.0,10.4,1.06,19.8,12.8,7.0,0.41,149.67,504.35,154.0,85.0,KMmYr3zS8A6,2013,11,2013,30220.0,0.0
2013-12,Fczy0xwaJSy,Bugeshi,8.0,10.2,1.06,18.9,13.0,8.3,0.27,145.77,430.7,73.0,83.4,KMmYr3zS8A6,2013,12,2013,30220.0,0.0
2014-01,Fczy0xwaJSy,Bugeshi,2.0,9.1,1.06,20.0,13.4,7.5,0.45,76.28,146.82,117.0,75.5,KMmYr3zS8A6,2014,1,2013,30703.0,0.0
2014-02,Fczy0xwaJSy,Bugeshi,4.0,9.4,1.06,20.8,14.0,9.0,0.56,135.16,176.61,122.0,73.5,KMmYr3zS8A6,2014,2,2013,30703.0,0.0
2014-03,Fczy0xwaJSy,Bugeshi,8.0,10.8,1.06,21.2,13.6,8.6,0.24,172.3,431.65,171.0,83.3,KMmYr3zS8A6,2014,3,2013,30703.0,0.0
2014-04,Fczy0xwaJSy,Bugeshi,2.0,10.8,1.06,20.5,13.6,8.4,0.39,163.96,269.15,141.0,83.1,KMmYr3zS8A6,2014,4,2013,30703.0,0.0
2014-05,Fczy0xwaJSy,Bugeshi,4.0,9.9,1.06,19.7,13.5,8.1,0.58,86.33,134.15,31.0,78.6,KMmYr3zS8A6,2014,5,2013,30703.0,0.0
2014-06,Fczy0xwaJSy,Bugeshi,10.0,9.0,1.06,19.6,13.0,7.5,0.67,39.49,139.33,149.0,76.4,KMmYr3zS8A6,2014,6,2013,30703.0,0.0
2014-07,Fczy0xwaJSy,Bugeshi,6.0,7.8,1.06,18.9,13.0,7.5,0.53,26.37,111.35,18.0,70.9,KMmYr3zS8A6,2014,7,2013,30703.0,0.0
2014-08,Fczy0xwaJSy,Bugeshi,2.0,9.7,1.06,19.0,12.6,7.6,0.39,64.5,413.85,102.0,82.6,KMmYr3zS8A6,2014,8,2014,30703.0,0.0
2014-09,Fczy0xwaJSy,Bugeshi,4.0,9.8,1.06,19.8,12.8,8.0,0.57,118.56,384.41,105.0,81.9,KMmYr3zS8A6,2014,9,2014,30703.0,0.0
2014-10,Fczy0xwaJSy,Bugeshi,16.0,10.6,1.06,20.1,13.4,8.4,0.62,136.5,596.73,161.0,83.2,KMmYr3zS8A6,2014,10,2014,30703.0,0.0
2014-11,Fczy0xwaJSy,Bugeshi,4.0,10.5,1.06,19.9,13.1,8.5,0.36,173.68,485.78,139.0,84.4,KMmYr3zS8A6,2014,11,2014,30703.0,0.0
2014-12,Fczy0xwaJSy,Bugeshi,18.0,9.7,1.06,19.5,13.3,7.9,0.58,103.94,227.47,161.0,78.5,KMmYr3zS8A6,2014,12,2014,30703.0,0.0
2015-01,Fczy0xwaJSy,Bugeshi,22.0,8.2,1.06,19.8,13.5,7.4,0.56,44.37,70.83,43.0,70.4,KMmYr3zS8A6,2015,1,2014,31716.0,0.0
2015-02,Fczy0xwaJSy,Bugeshi,10.0,9.9,1.06,20.2,13.8,8.0,0.27,116.37,209.18,131.0,77.5,KMmYr3zS8A6,2015,2,2014,31716.0,0.0
2015-03,Fczy0xwaJSy,Bugeshi,6.0,10.5,1.06,21.6,13.7,8.2,0.48,172.82,301.07,142.0,81.0,KMmYr3zS8A6,2015,3,2014,31716.0,0.0
2015-04,Fczy0xwaJSy,Bugeshi,10.0,11.4,1.06,20.1,13.4,8.5,0.46,157.97,679.53,307.0,87.8,KMmYr3zS8A6,2015,4,2014,31716.0,0.0
2015-05,Fczy0xwaJSy,Bugeshi,18.0,10.9,1.06,19.7,13.8,9.4,0.54,150.75,221.97,151.0,82.7,KMmYr3zS8A6,2015,5,2014,31716.0,0.0
2015-06,Fczy0xwaJSy,Bugeshi,6.0,9.9,1.06,19.7,13.1,8.2,0.58,44.52,396.23,177.0,80.8,KMmYr3zS8A6,2015,6,2014,31716.0,0.0
2015-07,Fczy0xwaJSy,Bugeshi,10.0,7.8,1.06,20.4,13.1,7.1,0.57,27.86,48.52,51.0,70.3,KMmYr3zS8A6,2015,7,2014,31716.0,0.0
2015-08,Fczy0xwaJSy,Bugeshi,14.0,7.7,1.06,20.7,13.5,6.9,0.51,81.99,71.5,49.0,67.6,KMmYr3zS8A6,2015,8,2015,31716.0,0.0
2015-09,Fczy0xwaJSy,Bugeshi,10.0,9.8,1.06,20.9,13.7,8.3,0.52,140.31,316.51,93.0,77.5,KMmYr3zS8A6,2015,9,2015,31716.0,0.0
2015-10,Fczy0xwaJSy,Bugeshi,8.0,11.1,1.06,19.8,13.6,8.8,0.48,158.15,547.83,204.0,85.2,KMmYr3zS8A6,2015,10,2015,31716.0,0.0
2015-11,Fczy0xwaJSy,Bugeshi,24.0,11.2,1.06,20.0,13.2,8.4,0.24,193.1,633.47,178.0,87.7,KMmYr3zS8A6,2015,11,2015,31716.0,0.0
2015-12,Fczy0xwaJSy,Bugeshi,40.0,11.2,1.06,19.8,13.4,7.7,0.4,146.57,976.91,171.0,86.5,KMmYr3zS8A6,2015,12,2015,31716.0,0.0
2016-01,Fczy0xwaJSy,Bugeshi,23.0,10.5,1.06,20.4,14.1,9.2,0.37,107.12,270.32,48.0,79.0,KMmYr3zS8A6,2016,1,2015,32763.0,0.0
2016-02,Fczy0xwaJSy,Bugeshi,40.0,9.9,1.06,21.2,14.7,9.2,0.47,47.23,166.72,87.0,72.8,KMmYr3zS8A6,2016,2,2015,32763.0,0.0
2016-03,Fczy0xwaJSy,Bugeshi,17.0,12.3,1.06,22.5,14.9,9.8,0.42,199.95,811.97,198.0,84.3,KMmYr3zS8A6,2016,3,2015,32763.0,0.0
2016-04,Fczy0xwaJSy,Bugeshi,15.0,12.5,1.06,21.4,14.5,10.3,0.59,218.4,505.44,317.0,88.2,KMmYr3zS8A6,2016,4,2015,32763.0,0.0
2016-05,Fczy0xwaJSy,Bugeshi,9.0,10.6,1.06,19.8,14.1,8.2,0.53,152.07,224.84,201.0,79.7,KMmYr3zS8A6,2016,5,2015,32763.0,0.0
2016-06,Fczy0xwaJSy,Bugeshi,14.0,8.6,1.06,19.7,13.0,7.6,0.61,28.1,124.98,69.0,74.5,KMmYr3zS8A6,2016,6,2015,32763.0,0.0
2016-07,Fczy0xwaJSy,Bugeshi,13.0,7.8,1.06,20.0,13.3,7.6,0.52,30.24,62.37,523.0,69.5,KMmYr3zS8A6,2016,7,2015,32763.0,0.0
2016-08,Fczy0xwaJSy,Bugeshi,11.0,6.9,1.06,20.7,13.8,7.8,0.51,47.39,44.78,78.0,63.4,KMmYr3zS8A6,2016,8,2016,32763.0,0.0
2016-09,Fczy0xwaJSy,Bugeshi,12.0,9.2,1.06,20.6,13.9,8.0,0.29,126.05,320.15,113.0,73.2,KMmYr3zS8A6,2016,9,2016,32763.0,0.0
2016-10,Fczy0xwaJSy,Bugeshi,10.0,10.2,1.06,20.5,13.9,8.7,0.63,230.57,401.62,221.0,78.0,KMmYr3zS8A6,2016,10,2016,32763.0,0.0
2016-11,Fczy0xwaJSy,Bugeshi,16.0,10.8,1.06,20.0,13.4,8.4,0.51,222.14,518.54,271.0,84.6,KMmYr3zS8A6,2016,11,2016,32763.0,0.0
2016-12,Fczy0xwaJSy,Bugeshi,15.0,9.7,1.06,19.8,13.3,7.5,0.46,98.45,191.16,100.0,78.8,KMmYr3zS8A6,2016,12,2016,32763.0,0.0
2017-01,Fczy0xwaJSy,Bugeshi,8.0,8.5,1.06,20.8,13.9,8.0,0.58,93.59,172.4,6.0,70.0,KMmYr3zS8A6,2017,1,2016,32766.0,0.0
2017-02,Fczy0xwaJSy,Bugeshi,12.0,10.6,1.06,20.1,13.4,7.9,0.46,107.67,420.52,92.0,82.8,KMmYr3zS8A6,2017,2,2016,32766.0,0.0
2017-03,Fczy0xwaJSy,Bugeshi,7.0,10.9,1.06,20.6,13.8,7.9,0.48,129.24,333.79,151.0,82.7,KMmYr3zS8A6,2017,3,2016,32766.0,0.0
2017-04,Fczy0xwaJSy,Bugeshi,9.0,11.1,1.06,20.2,13.8,8.9,0.35,129.86,233.32,92.0,83.7,KMmYr3zS8A6,2017,4,2016,32766.0,0.0
2017-05,Fczy0xwaJSy,Bugeshi,22.0,10.5,1.06,19.4,13.7,7.8,0.68,83.34,141.83,23.0,80.9,KMmYr3zS8A6,2017,5,2016,32766.0,0.0
2017-06,Fczy0xwaJSy,Bugeshi,14.0,8.7,1.06,19.7,13.3,8.0,0.63,37.35,89.47,0.0,73.6,KMmYr3zS8A6,2017,6,2016,32766.0,0.0
2017-07,Fczy0xwaJSy,Bugeshi,5.0,8.5,1.06,20.1,13.3,7.6,0.6,32.77,94.28,0.0,72.5,KMmYr3zS8A6,2017,7,2016,32766.0,0.0
2017-08,Fczy0xwaJSy,Bugeshi,4.0,9.4,1.06,19.1,13.1,8.1,0.45,80.27,328.35,31.0,78.4,KMmYr3zS8A6,2017,8,2017,32766.0,0.0
2017-09,Fczy0xwaJSy,Bugeshi,4.0,10.3,1.06,20.1,13.2,8.5,0.59,148.87,468.46,63.0,82.4,KMmYr3zS8A6,2017,9,2017,32766.0,0.0
2017-10,Fczy0xwaJSy,Bugeshi,15.0,10.9,1.06,20.4,13.6,8.3,0.54,187.05,550.34,101.0,83.9,KMmYr3zS8A6,2017,10,2017,32766.0,0.0
2017-11,Fczy0xwaJSy,Bugeshi,25.0,10.6,1.06,20.8,13.1,7.3,0.56,215.54,549.99,116.0,84.8,KMmYr3zS8A6,2017,11,2017,32766.0,0.0
2017-12,Fczy0xwaJSy,Bugeshi,21.0,9.9,1.06,19.1,13.3,7.3,0.41,84.55,234.94,39.0,79.9,KMmYr3zS8A6,2017,12,2017,32766.0,0.0
2018-01,Fczy0xwaJSy,Bugeshi,15.0,9.2,1.06,18.9,13.0,7.5,0.41,69.83,274.83,59.0,77.5,KMmYr3zS8A6,2018,1,2017,33544.0,0.0
2018-02,Fczy0xwaJSy,Bugeshi,6.0,10.5,1.06,21.0,13.9,8.0,0.39,138.54,374.11,142.0,80.1,KMmYr3zS8A6,2018,2,2017,33544.0,0.0
2018-03,Fczy0xwaJSy,Bugeshi,6.0,10.9,1.06,20.5,13.6,8.8,0.61,269.83,422.98,119.0,83.9,KMmYr3zS8A6,2018,3,2017,33544.0,0.0
2018-04,Fczy0xwaJSy,Bugeshi,6.0,11.4,1.06,19.9,13.4,8.5,0.4,220.55,689.52,156.0,87.7,KMmYr3zS8A6,2018,4,2017,33544.0,0.0
2018-05,Fczy0xwaJSy,Bugeshi,,10.7,1.06,19.8,13.6,7.4,0.52,134.74,210.4,156.0,82.7,KMmYr3zS8A6,2018,5,2017,33544.0,0.0
2018-06,Fczy0xwaJSy,Bugeshi,19.0,8.5,1.06,19.5,12.9,7.6,0.61,37.0,106.18,150.0,74.3,KMmYr3zS8A6,2018,6,2017,33544.0,0.0
2018-07,Fczy0xwaJSy,Bugeshi,15.0,6.5,1.06,19.7,12.5,6.0,0.53,19.18,74.69,8.0,66.6,KMmYr3zS8A6,2018,7,2017,33544.0,0.0
2018-08,Fczy0xwaJSy,Bugeshi,9.0,8.8,1.06,19.7,12.8,7.2,0.45,83.67,281.0,159.0,76.3,KMmYr3zS8A6,2018,8,2018,33544.0,0.0
2018-09,Fczy0xwaJSy,Bugeshi,4.0,9.9,1.06,19.8,13.2,7.2,0.52,156.19,286.72,151.0,80.2,KMmYr3zS8A6,2018,9,2018,33544.0,0.0
2018-10,Fczy0xwaJSy,Bugeshi,8.0,10.4,1.06,19.8,13.3,8.3,0.55,124.6,485.83,86.0,82.6,KMmYr3zS8A6,2018,10,2018,33544.0,0.0
2018-11,Fczy0xwaJSy,Bugeshi,10.0,10.9,1.06,19.9,13.6,8.0,0.47,207.87,578.34,74.0,83.5,KMmYr3zS8A6,2018,11,2018,33544.0,0.0
2018-12,Fczy0xwaJSy,Bugeshi,13.0,10.6,1.06,19.0,13.1,8.1,0.26,141.26,337.17,33.0,84.6,KMmYr3zS8A6,2018,12,2018,33544.0,0.0
2019-01,Fczy0xwaJSy,Bugeshi,14.0,10.1,1.06,20.1,13.5,8.0,0.52,101.72,293.42,60.0,79.9,KMmYr3zS8A6,2019,1,2018,34435.0,0.0
2019-02,Fczy0xwaJSy,Bugeshi,14.0,10.2,1.06,21.4,14.0,8.3,0.37,68.57,228.89,32.0,77.8,KMmYr3zS8A6,2019,2,2018,34435.0,0.0
2019-03,Fczy0xwaJSy,Bugeshi,10.0,10.6,1.06,21.3,14.0,7.9,0.41,90.55,306.97,135.0,80.0,KMmYr3zS8A6,2019,3,2018,34435.0,0.0
2019-04,Fczy0xwaJSy,Bugeshi,26.0,11.6,1.06,20.6,14.1,8.9,0.36,140.34,400.18,35.0,85.1,KMmYr3zS8A6,2019,4,2018,34435.0,0.0
2019-05,Fczy0xwaJSy,Bugeshi,11.0,11.8,1.06,20.1,14.1,10.3,0.45,165.94,245.19,63.0,85.7,KMmYr3zS8A6,2019,5,2018,34435.0,0.0
2019-06,Fczy0xwaJSy,Bugeshi,16.0,10.4,1.06,18.8,13.1,8.3,0.6,54.3,297.49,72.0,84.0,KMmYr3zS8A6,2019,6,2018,34435.0,0.0
2019-07,Fczy0xwaJSy,Bugeshi,18.0,8.8,1.06,19.8,12.9,7.1,0.64,51.33,168.65,549.0,76.0,KMmYr3zS8A6,2019,7,2018,34435.0,0.0
2019-08,Fczy0xwaJSy,Bugeshi,15.0,8.9,1.06,19.7,13.1,7.5,0.51,31.91,231.97,18.0,75.9,KMmYr3zS8A6,2019,8,2019,34435.0,0.0
2019-09,Fczy0xwaJSy,Bugeshi,12.0,10.4,1.06,20.0,13.3,7.6,0.53,134.04,369.72,105.0,82.6,KMmYr3zS8A6,2019,9,2019,34435.0,0.0
2019-10,Fczy0xwaJSy,Bugeshi,17.0,10.9,1.06,18.9,12.9,8.5,0.37,126.46,531.26,153.0,87.7,KMmYr3zS8A6,2019,10,2019,34435.0,0.0
2019-11,Fczy0xwaJSy,Bugeshi,17.0,11.0,1.06,19.9,13.5,7.8,0.37,189.47,546.03,77.0,84.6,KMmYr3zS8A6,2019,11,2019,34435.0,0.0
2019-12,Fczy0xwaJSy,Bugeshi,12.0,11.3,1.06,19.3,13.6,8.3,0.28,125.79,645.99,82.0,85.9,KMmYr3zS8A6,2019,12,2019,34435.0,0.0
2020-01,Fczy0xwaJSy,Bugeshi,12.0,10.5,1.06,20.3,13.9,8.9,0.53,95.24,345.14,57.0,79.7,KMmYr3zS8A6,2020,1,2019,35339.0,0.0
2020-02,Fczy0xwaJSy,Bugeshi,10.0,11.0,1.06,20.9,14.2,8.7,0.5,76.95,618.34,266.0,81.4,KMmYr3zS8A6,2020,2,2019,35339.0,0.0
2020-03,Fczy0xwaJSy,Bugeshi,13.0,11.8,1.06,20.8,14.3,8.6,0.57,129.63,709.29,114.0,85.3,KMmYr3zS8A6,2020,3,2019,35339.0,0.0
2020-04,Fczy0xwaJSy,Bugeshi,3.0,12.0,1.06,22.0,14.2,9.3,0.4,191.04,452.54,153.0,86.3,KMmYr3zS8A6,2020,4,2019,35339.0,0.0
2020-05,Fczy0xwaJSy,Bugeshi,2.0,10.7,1.06,20.0,14.1,8.5,0.69,140.97,224.49,142.0,80.1,KMmYr3zS8A6,2020,5,2019,35339.0,0.0
2020-06,Fczy0xwaJSy,Bugeshi,4.0,9.3,1.06,19.7,13.0,8.5,0.65,67.16,168.0,100.0,77.9,KMmYr3zS8A6,2020,6,2019,35339.0,0.0
2020-07,Fczy0xwaJSy,Bugeshi,6.0,8.5,1.06,19.1,12.7,8.0,0.59,25.79,121.75,28.0,75.7,KMmYr3zS8A6,2020,7,2019,35339.0,0.0
2020-08,Fczy0xwaJSy,Bugeshi,5.0,9.3,1.06,21.1,13.5,7.5,0.54,34.04,347.03,78.0,76.1,KMmYr3zS8A6,2020,8,2020,35339.0,0.0
2020-09,Fczy0xwaJSy,Bugeshi,2.0,10.1,1.06,21.3,13.3,7.8,0.62,117.96,414.02,181.0,80.8,KMmYr3zS8A6,2020,9,2020,35339.0,0.0
2020-10,Fczy0xwaJSy,Bugeshi,5.0,10.9,1.06,20.2,13.3,8.0,0.53,156.8,563.47,145.0,85.3,KMmYr3zS8A6,2020,10,2020,35339.0,0.0
2020-11,Fczy0xwaJSy,Bugeshi,7.0,11.1,1.06,20.2,13.2,8.2,0.42,145.5,601.88,125.0,86.9,KMmYr3zS8A6,2020,11,2020,35339.0,0.0
2020-12,Fczy0xwaJSy,Bugeshi,2.0,10.3,1.06,19.4,13.3,7.9,0.51,140.65,398.3,57.0,82.4,KMmYr3zS8A6,2020,12,2020,35339.0,0.0
2021-01,Fczy0xwaJSy,Bugeshi,,9.8,1.06,19.3,13.2,7.5,0.17,169.57,230.78,34.0,79.7,KMmYr3zS8A6,2021,1,2020,36155.0,0.0
2021-02,Fczy0xwaJSy,Bugeshi,3.0,9.5,1.06,20.4,13.9,8.9,0.29,159.56,220.36,91.0,74.8,KMmYr3zS8A6,2021,2,2020,36155.0,0.0
2021-03,Fczy0xwaJSy,Bugeshi,4.0,10.7,1.06,21.4,13.6,8.0,0.5,137.15,404.14,385.0,82.8,KMmYr3zS8A6,2021,3,2020,36155.0,0.0
2021-04,Fczy0xwaJSy,Bugeshi,8.0,11.4,1.06,19.5,13.7,8.3,0.46,108.24,341.58,90.0,86.3,KMmYr3zS8A6,2021,4,2020,36155.0,0.0
2021-05,Fczy0xwaJSy,Bugeshi,4.0,11.0,1.06,19.6,13.8,9.0,0.51,109.52,262.03,59.0,83.0,KMmYr3zS8A6,2021,5,2020,36155.0,0.0
2021-06,Fczy0xwaJSy,Bugeshi,8.0,8.5,1.06,19.8,12.9,7.8,0.63,59.45,72.24,75.0,74.2,KMmYr3zS8A6,2021,6,2020,36155.0,0.0
2021-07,Fczy0xwaJSy,Bugeshi,12.0,7.7,1.06,19.3,13.0,7.8,0.6,54.75,65.91,448.0,69.9,KMmYr3zS8A6,2021,7,2020,36155.0,0.0
2021-08,Fczy0xwaJSy,Bugeshi,11.0,8.8,1.06,20.2,13.2,7.6,0.57,56.69,243.98,127.0,74.9,KMmYr3zS8A6,2021,8,2021,36155.0,0.0
2021-09,Fczy0xwaJSy,Bugeshi,6.0,10.3,1.06,19.8,13.2,8.7,0.58,118.57,439.06,64.0,82.4,KMmYr3zS8A6,2021,9,2021,36155.0,0.0
2021-10,Fczy0xwaJSy,Bugeshi,15.0,11.0,1.06,20.2,13.6,8.2,0.57,131.39,649.11,96.0,84.4,KMmYr3zS8A6,2021,10,2021,36155.0,0.0
2021-11,Fczy0xwaJSy,Bugeshi,17.0,10.5,1.06,21.1,13.5,7.3,0.59,129.42,403.73,94.0,82.4,KMmYr3zS8A6,2021,11,2021,36155.0,0.0
2021-12,Fczy0xwaJSy,Bugeshi,12.0,10.9,1.06,19.9,13.5,8.4,0.28,150.55,324.63,79.0,84.3,KMmYr3zS8A6,2021,12,2021,36155.0,0.0
2022-01,Fczy0xwaJSy,Bugeshi,12.0,9.4,1.06,21.0,13.5,7.9,0.6,107.31,140.13,138.0,75.9,KMmYr3zS8A6,2022,1,2021,33892.0,0.0
2022-02,Fczy0xwaJSy,Bugeshi,15.0,9.8,1.06,20.4,13.5,8.2,0.51,198.95,163.55,175.0,78.5,KMmYr3zS8A6,2022,2,2021,33892.0,0.0
2022-03,Fczy0xwaJSy,Bugeshi,12.0,10.5,1.06,20.8,13.9,7.9,0.48,117.69,410.94,160.0,79.7,KMmYr3zS8A6,2022,3,2021,33892.0,0.0
2022-04,Fczy0xwaJSy,Bugeshi,6.0,11.3,1.06,20.2,13.7,9.2,0.63,125.03,507.47,138.0,85.1,KMmYr3zS8A6,2022,4,2021,33892.0,0.0
2022-05,Fczy0xwaJSy,Bugeshi,7.0,10.8,1.06,19.4,13.6,8.8,0.54,156.42,314.22,94.0,83.2,KMmYr3zS8A6,2022,5,2021,33892.0,0.0
2022-06,Fczy0xwaJSy,Bugeshi,6.0,8.1,1.06,18.9,12.5,6.9,0.66,43.94,49.03,70.0,74.6,KMmYr3zS8A6,2022,6,2021,33892.0,0.0
2022-07,Fczy0xwaJSy,Bugeshi,6.0,7.1,1.06,19.7,13.0,6.7,0.57,11.89,105.19,28.0,67.3,KMmYr3zS8A6,2022,7,2021,33892.0,0.0
2022-08,Fczy0xwaJSy,Bugeshi,5.0,9.0,1.06,20.5,12.9,7.6,0.55,94.3,333.78,108.0,77.2,KMmYr3zS8A6,2022,8,2022,33892.0,0.0
2022-09,Fczy0xwaJSy,Bugeshi,9.0,10.4,1.06,19.7,12.9,8.3,0.52,115.28,534.28,79.0,84.7,KMmYr3zS8A6,2022,9,2022,33892.0,0.0
2022-10,Fczy0xwaJSy,Bugeshi,4.0,9.9,1.06,20.8,13.6,8.4,0.57,169.68,370.2,74.0,78.3,KMmYr3zS8A6,2022,10,2022,33892.0,0.0
2022-11,Fczy0xwaJSy,Bugeshi,2.0,11.1,1.06,19.3,13.1,9.3,0.33,214.63,692.25,185.0,87.8,KMmYr3zS8A6,2022,11,2022,33892.0,0.0
2022-12,Fczy0xwaJSy,Bugeshi,3.0,10.3,1.06,18.9,12.7,7.1,0.55,146.78,414.05,108.0,85.2,KMmYr3zS8A6,2022,12,2022,33892.0,0.0
2023-01,Fczy0xwaJSy,Bugeshi,1.0,8.7,1.06,20.4,12.9,7.2,0.46,105.99,184.12,62.0,75.9,KMmYr3zS8A6,2023,1,2022,34538.0,0.0
2023-02,Fczy0xwaJSy,Bugeshi,2.0,9.1,1.06,20.5,13.6,7.0,0.42,36.51,274.13,94.0,74.1,KMmYr3zS8A6,2023,2,2022,34538.0,0.0
2023-03,Fczy0xwaJSy,Bugeshi,9.0,11.1,1.06,21.9,13.2,8.9,0.43,166.53,770.36,224.0,86.7,KMmYr3zS8A6,2023,3,2022,34538.0,0.0
2023-04,Fczy0xwaJSy,Bugeshi,20.0,11.4,1.06,20.1,13.7,8.6,0.51,232.94,475.97,201.0,86.5,KMmYr3zS8A6,2023,4,2022,34538.0,0.0
2023-05,Fczy0xwaJSy,Bugeshi,9.0,10.7,1.06,20.4,14.0,8.7,0.59,252.84,178.02,92.0,80.5,KMmYr3zS8A6,2023,5,2022,34538.0,0.0
2023-06,Fczy0xwaJSy,Bugeshi,12.0,9.9,1.06,19.2,13.3,8.1,0.53,66.66,182.26,44.0,80.0,KMmYr3zS8A6,2023,6,2022,34538.0,0.0
2023-07,Fczy0xwaJSy,Bugeshi,5.0,7.1,1.06,20.8,13.3,7.4,0.55,26.4,23.96,17.0,66.0,KMmYr3zS8A6,2023,7,2022,34538.0,0.0
2023-08,Fczy0xwaJSy,Bugeshi,17.0,8.0,1.06,21.3,14.3,8.6,0.47,50.65,62.87,44.0,66.1,KMmYr3zS8A6,2023,8,2023,34538.0,0.0
2023-09,Fczy0xwaJSy,Bugeshi,32.0,11.2,1.06,21.0,13.7,8.7,0.56,123.16,538.31,216.0,85.1,KMmYr3zS8A6,2023,9,2023,34538.0,0.0
2023-10,Fczy0xwaJSy,Bugeshi,27.0,11.0,1.06,20.9,13.9,8.7,0.62,122.06,451.67,112.0,83.0,KMmYr3zS8A6,2023,10,2023,34538.0,0.0
2023-11,Fczy0xwaJSy,Bugeshi,23.0,11.8,1.06,20.1,13.3,9.3,0.43,186.23,589.11,148.0,90.3,KMmYr3zS8A6,2023,11,2023,34538.0,0.0
2023-12,Fczy0xwaJSy,Bugeshi,46.0,11.6,1.06,19.8,13.9,9.2,0.43,132.4,683.88,193.0,86.1,KMmYr3zS8A6,2023,12,2023,34538.0,0.0
2024-01,Fczy0xwaJSy,Bugeshi,27.0,10.3,1.06,20.1,14.1,10.1,0.36,89.01,140.26,193.0,77.7,KMmYr3zS8A6,2024,1,2023,35302.0,0.0
2024-02,Fczy0xwaJSy,Bugeshi,18.0,11.0,1.68,20.9,14.3,8.6,0.48,54.49,264.74,193.0,80.7,KMmYr3zS8A6,2024,2,2023,35302.0,0.0
2024-03,Fczy0xwaJSy,Bugeshi,16.0,11.9,1.26,22.2,14.7,9.2,0.58,95.45,762.61,193.0,83.4,KMmYr3zS8A6,2024,3,2023,35302.0,0.0
2024-04,Fczy0xwaJSy,Bugeshi,33.0,12.4,1.21,21.0,14.6,9.8,0.44,210.48,574.44,193.0,86.9,KMmYr3zS8A6,2024,4,2023,35302.0,0.0
2024-05,Fczy0xwaJSy,Bugeshi,36.0,11.6,2.06,20.6,14.7,9.5,0.66,87.21,524.45,193.0,81.7,KMmYr3zS8A6,2024,5,2023,35302.0,0.0
2024-06,Fczy0xwaJSy,Bugeshi,33.0,8.6,1.64,20.0,13.6,6.9,0.69,23.58,75.51,193.0,72.0,KMmYr3zS8A6,2024,6,2023,35302.0,0.0
2024-07,Fczy0xwaJSy,Bugeshi,32.0,8.6,1.34,20.5,13.8,8.4,0.59,15.96,123.98,193.0,70.6,KMmYr3zS8A6,2024,7,2023,35302.0,0.0
2024-08,Fczy0xwaJSy,Bugeshi,19.0,8.6,1.22,21.2,14.0,8.3,0.52,47.38,127.93,193.0,70.2,KMmYr3zS8A6,2024,8,2024,35302.0,0.0
2024-09,Fczy0xwaJSy,Bugeshi,31.0,9.7,1.18,21.1,14.0,9.0,0.51,149.98,212.58,193.0,75.36,KMmYr3zS8A6,2024,9,2024,35302.0,0.0
2024-10,Fczy0xwaJSy,Bugeshi,50.0,11.0,1.36,20.8,13.7,8.4,0.48,159.96,594.82,193.0,84.14,KMmYr3zS8A6,2024,10,2024,35302.0,0.0
2024-11,Fczy0xwaJSy,Bugeshi,9.0,11.3,1.43,20.1,13.4,8.8,0.49,335.17,704.72,193.0,87.29,KMmYr3zS8A6,2024,11,2024,35302.0,0.0
2024-12,Fczy0xwaJSy,Bugeshi,,10.4,1.09,19.4,13.4,8.4,0.72,118.56,358.28,193.0,82.22,KMmYr3zS8A6,2024,12,2024,35302.0,0.0
2025-01,Fczy0xwaJSy,Bugeshi,15.0,9.1,0.23,19.8,13.76,7.1,0.44,198.65,355.2,193.0,75.46,KMmYr3zS8A6,2025,1,2024,36351.0,0.0
2025-02,Fczy0xwaJSy,Bugeshi,11.0,9.5,1.27,21.3,14.68,8.6,0.45,154.34,338.03,193.0,73.07,KMmYr3zS8A6,2025,2,2024,36351.0,0.0
2025-03,Fczy0xwaJSy,Bugeshi,8.0,10.5,1.39,21.9,14.5,9.1,0.53,187.88,967.93,193.0,68.2,KMmYr3zS8A6,2025,3,2024,36351.0,0.0
2025-04,Fczy0xwaJSy,Bugeshi,8.0,10.5,1.28,20.5,14.21,9.0,0.6,458.47,1272.19,193.0,85.8,KMmYr3zS8A6,2025,4,2024,36351.0,0.0
2025-05,Fczy0xwaJSy,Bugeshi,10.0,10.5,2.06,19.6,13.85,9.5,0.68,171.54,288.58,193.0,83.86,KMmYr3zS8A6,2025,5,2024,36351.0,0.0
2025-06,Fczy0xwaJSy,Bugeshi,16.0,10.5,1.67,19.2,13.23,7.6,0.69,87.05,199.65,193.0,79.41,KMmYr3zS8A6,2025,6,2024,36351.0,0.0
2025-07,Fczy0xwaJSy,Bugeshi,11.0,10.5,2.14,19.5,12.97,8.6,0.68,29.42,149.82,193.0,76.29,KMmYr3zS8A6,2025,7,2024,36351.0,0.0
2025-08,Fczy0xwaJSy,Bugeshi,29.0,10.5,1.25,20.2,13.22,6.2,0.66,108.58,225.4,193.0,74.99,KMmYr3zS8A6,2025,8,2025,36351.0,0.0
2025-09,Fczy0xwaJSy,Bugeshi,27.0,10.5,1.29,20.4,13.92,7.5,0.62,88.44,439.12,193.0,76.87,KMmYr3zS8A6,2025,9,2025,36351.0,0.0
2025-10,Fczy0xwaJSy,Bugeshi,34.0,10.5,1.9,20.2,13.54,7.6,0.71,145.17,904.64,193.0,85.83,KMmYr3zS8A6,2025,10,2025,36351.0,0.0
2013-01,Gu5PQzqP3oc,Macuba,160.0,14.7,1.83,25.0,18.7,13.9,0.69,108.43,204.21,274.5,77.6,o1WEnRMOFGo,2013,1,2012,29298.0,0.0
2013-02,Gu5PQzqP3oc,Macuba,188.0,14.2,1.83,25.1,18.9,13.0,0.67,71.41,142.48,192.25,74.5,o1WEnRMOFGo,2013,2,2012,29298.0,0.0
2013-03,Gu5PQzqP3oc,Macuba,150.0,15.0,1.83,24.4,18.6,13.8,0.56,240.36,530.68,303.25,80.0,o1WEnRMOFGo,2013,3,2012,29298.0,0.0
2013-04,Gu5PQzqP3oc,Macuba,84.0,15.0,1.83,23.4,18.1,13.5,0.51,155.07,510.58,360.25,81.9,o1WEnRMOFGo,2013,4,2012,29298.0,0.0
2013-05,Gu5PQzqP3oc,Macuba,121.0,13.7,1.83,24.1,18.2,13.4,0.68,115.42,310.48,110.5,74.9,o1WEnRMOFGo,2013,5,2012,29298.0,0.0
2013-06,Gu5PQzqP3oc,Macuba,246.0,11.6,1.83,23.8,18.4,12.0,0.62,9.5,8.32,3.25,64.6,o1WEnRMOFGo,2013,6,2012,29298.0,0.0
2013-07,Gu5PQzqP3oc,Macuba,236.0,10.3,1.83,24.4,18.7,13.8,0.54,9.65,4.58,7.25,58.4,o1WEnRMOFGo,2013,7,2012,29298.0,0.0
2013-08,Gu5PQzqP3oc,Macuba,254.0,11.5,1.83,24.5,18.5,13.3,0.49,70.48,46.84,43.0,63.6,o1WEnRMOFGo,2013,8,2013,29298.0,0.0
2013-09,Gu5PQzqP3oc,Macuba,383.0,13.8,1.83,24.5,18.2,13.3,0.43,155.43,257.3,174.25,75.5,o1WEnRMOFGo,2013,9,2013,29298.0,0.0
2013-10,Gu5PQzqP3oc,Macuba,365.0,14.1,1.83,24.7,18.3,13.2,0.48,95.2,337.57,76.0,76.5,o1WEnRMOFGo,2013,10,2013,29298.0,0.0
2013-11,Gu5PQzqP3oc,Macuba,557.0,14.6,1.83,23.5,17.8,13.1,0.48,116.18,362.56,124.25,81.8,o1WEnRMOFGo,2013,11,2013,29298.0,0.0
2013-12,Gu5PQzqP3oc,Macuba,476.0,14.5,1.83,22.9,17.7,13.6,0.64,163.61,542.71,207.0,81.4,o1WEnRMOFGo,2013,12,2013,29298.0,0.0
2014-01,Gu5PQzqP3oc,Macuba,885.0,14.1,1.83,23.5,18.4,12.9,0.63,102.9,156.23,182.0,76.1,o1WEnRMOFGo,2014,1,2013,29855.0,0.0
2014-02,Gu5PQzqP3oc,Macuba,473.0,14.1,1.83,24.0,18.6,13.5,0.67,124.86,136.65,348.5,75.2,o1WEnRMOFGo,2014,2,2013,29855.0,0.0
2014-03,Gu5PQzqP3oc,Macuba,206.0,14.6,1.83,24.0,18.4,13.2,0.64,155.83,305.54,150.75,78.4,o1WEnRMOFGo,2014,3,2013,29855.0,0.0
2014-04,Gu5PQzqP3oc,Macuba,197.0,14.6,1.83,24.0,18.1,13.2,0.64,159.34,404.45,257.25,80.0,o1WEnRMOFGo,2014,4,2013,29855.0,0.0
2014-05,Gu5PQzqP3oc,Macuba,226.0,13.4,1.83,24.1,18.6,13.1,0.58,74.88,89.36,30.25,71.8,o1WEnRMOFGo,2014,5,2013,29855.0,0.0
2014-06,Gu5PQzqP3oc,Macuba,1163.0,12.7,1.83,24.2,18.3,12.8,0.63,28.15,91.05,97.5,69.7,o1WEnRMOFGo,2014,6,2013,29855.0,0.0
2014-07,Gu5PQzqP3oc,Macuba,986.0,11.4,1.83,23.9,18.3,12.6,0.57,18.72,27.3,0.0,64.2,o1WEnRMOFGo,2014,7,2013,29855.0,0.0
2014-08,Gu5PQzqP3oc,Macuba,1230.0,12.9,1.83,24.0,18.0,13.0,0.51,42.7,122.33,154.0,72.1,o1WEnRMOFGo,2014,8,2014,29855.0,0.0
2014-09,Gu5PQzqP3oc,Macuba,1864.0,13.8,1.83,24.3,18.1,13.9,0.56,119.59,262.41,354.0,75.7,o1WEnRMOFGo,2014,9,2014,29855.0,0.0
2014-10,Gu5PQzqP3oc,Macuba,1535.0,14.3,1.83,24.7,18.3,12.1,0.6,126.58,336.43,244.5,77.4,o1WEnRMOFGo,2014,10,2014,29855.0,0.0
2014-11,Gu5PQzqP3oc,Macuba,1237.0,14.5,1.83,23.4,18.2,13.5,0.54,136.98,388.59,144.25,79.1,o1WEnRMOFGo,2014,11,2014,29855.0,0.0
2014-12,Gu5PQzqP3oc,Macuba,1768.0,14.2,1.83,23.6,18.4,13.5,0.67,106.72,173.15,268.5,76.5,o1WEnRMOFGo,2014,12,2014,29855.0,0.0
2015-01,Gu5PQzqP3oc,Macuba,3011.0,13.0,1.83,23.9,18.5,13.2,0.63,52.59,83.4,209.25,70.2,o1WEnRMOFGo,2015,1,2014,30363.0,0.0
2015-02,Gu5PQzqP3oc,Macuba,3522.0,14.1,1.83,24.5,18.8,13.2,0.59,99.36,134.98,121.25,74.4,o1WEnRMOFGo,2015,2,2014,30363.0,0.0
2015-03,Gu5PQzqP3oc,Macuba,2162.0,14.5,1.83,25.7,18.7,13.3,0.62,175.68,422.28,170.25,76.7,o1WEnRMOFGo,2015,3,2014,30363.0,0.0
2015-04,Gu5PQzqP3oc,Macuba,1142.0,14.9,1.83,23.5,18.0,13.4,0.7,168.92,511.91,254.75,81.7,o1WEnRMOFGo,2015,4,2014,30363.0,0.0
2015-05,Gu5PQzqP3oc,Macuba,1248.0,14.3,1.83,23.5,18.3,13.6,0.69,140.56,146.88,107.75,77.2,o1WEnRMOFGo,2015,5,2014,30363.0,0.0
2015-06,Gu5PQzqP3oc,Macuba,1785.0,13.2,1.83,23.8,18.2,13.9,0.63,37.84,90.54,174.5,72.3,o1WEnRMOFGo,2015,6,2014,30363.0,0.0
2015-07,Gu5PQzqP3oc,Macuba,1808.0,11.5,1.83,24.5,18.8,12.7,0.63,19.4,13.19,53.25,62.8,o1WEnRMOFGo,2015,7,2014,30363.0,0.0
2015-08,Gu5PQzqP3oc,Macuba,2654.0,11.2,1.83,25.2,19.3,12.5,0.55,67.99,9.56,20.75,59.2,o1WEnRMOFGo,2015,8,2015,30363.0,0.0
2015-09,Gu5PQzqP3oc,Macuba,5002.0,13.7,1.83,25.2,19.4,14.4,0.58,135.56,142.28,119.5,69.9,o1WEnRMOFGo,2015,9,2015,30363.0,0.0
2015-10,Gu5PQzqP3oc,Macuba,5960.0,15.2,1.83,25.0,18.7,14.0,0.51,204.6,673.31,226.25,80.0,o1WEnRMOFGo,2015,10,2015,30363.0,0.0
2015-11,Gu5PQzqP3oc,Macuba,4783.0,14.9,1.83,23.6,18.0,13.6,0.58,170.09,517.65,298.25,82.5,o1WEnRMOFGo,2015,11,2015,30363.0,0.0
2015-12,Gu5PQzqP3oc,Macuba,4860.0,15.1,1.83,22.9,18.1,14.1,0.64,147.77,481.4,206.0,82.4,o1WEnRMOFGo,2015,12,2015,30363.0,0.0
2016-01,Gu5PQzqP3oc,Macuba,2432.0,15.0,1.83,23.6,19.0,14.9,0.7,131.38,152.61,148.0,77.7,o1WEnRMOFGo,2016,1,2015,30879.0,0.0
2016-02,Gu5PQzqP3oc,Macuba,1923.0,14.9,1.83,24.8,19.5,14.2,0.64,81.3,126.06,147.5,74.8,o1WEnRMOFGo,2016,2,2015,30879.0,0.0
2016-03,Gu5PQzqP3oc,Macuba,2943.0,15.8,1.83,25.0,19.8,14.5,0.66,173.14,195.12,201.75,77.8,o1WEnRMOFGo,2016,3,2015,30879.0,0.0
2016-04,Gu5PQzqP3oc,Macuba,4823.0,15.8,1.83,24.4,18.8,14.6,0.75,192.73,528.5,258.75,82.7,o1WEnRMOFGo,2016,4,2015,30879.0,0.0
2016-05,Gu5PQzqP3oc,Macuba,5019.0,14.0,1.83,23.8,19.0,13.8,0.71,122.66,231.7,174.0,72.8,o1WEnRMOFGo,2016,5,2015,30879.0,0.0
2016-06,Gu5PQzqP3oc,Macuba,5561.0,11.9,1.83,24.0,18.4,12.9,0.69,22.32,23.08,49.0,66.0,o1WEnRMOFGo,2016,6,2015,30879.0,0.0
2016-07,Gu5PQzqP3oc,Macuba,2699.0,11.3,1.83,24.4,18.8,13.4,0.61,21.96,7.79,8.0,61.6,o1WEnRMOFGo,2016,7,2015,30879.0,0.0
2016-08,Gu5PQzqP3oc,Macuba,2283.0,10.4,1.83,24.7,19.3,13.4,0.53,47.76,21.71,37.75,56.4,o1WEnRMOFGo,2016,8,2016,30879.0,0.0
2016-09,Gu5PQzqP3oc,Macuba,3489.0,13.0,1.83,25.1,19.2,13.8,0.49,128.16,181.2,131.5,67.4,o1WEnRMOFGo,2016,9,2016,30879.0,0.0
2016-10,Gu5PQzqP3oc,Macuba,4400.0,14.3,1.83,25.2,19.3,14.7,0.57,171.21,250.21,85.0,73.2,o1WEnRMOFGo,2016,10,2016,30879.0,0.0
2016-11,Gu5PQzqP3oc,Macuba,6602.0,14.6,1.83,23.5,18.4,13.0,0.59,191.66,245.35,157.5,78.1,o1WEnRMOFGo,2016,11,2016,30879.0,0.0
2016-12,Gu5PQzqP3oc,Macuba,4802.0,14.4,1.83,24.1,18.5,13.0,0.71,99.46,187.1,66.5,77.2,o1WEnRMOFGo,2016,12,2016,30879.0,0.0
2017-01,Gu5PQzqP3oc,Macuba,2412.0,13.6,1.83,24.2,18.8,13.9,0.62,89.88,118.61,43.25,71.9,o1WEnRMOFGo,2017,1,2016,30882.0,0.0
2017-02,Gu5PQzqP3oc,Macuba,1670.0,14.7,1.83,24.2,18.3,13.7,0.62,111.07,254.36,131.0,79.6,o1WEnRMOFGo,2017,2,2016,30882.0,0.0
2017-03,Gu5PQzqP3oc,Macuba,1301.0,14.8,1.83,24.0,18.6,13.5,0.69,129.14,226.04,100.25,78.4,o1WEnRMOFGo,2017,3,2016,30882.0,0.0
2017-04,Gu5PQzqP3oc,Macuba,1126.0,14.5,1.83,23.8,18.5,12.7,0.54,138.97,172.85,64.0,77.7,o1WEnRMOFGo,2017,4,2016,30882.0,0.0
2017-05,Gu5PQzqP3oc,Macuba,2477.0,13.7,1.83,24.3,18.5,13.7,0.7,126.73,96.88,16.75,73.6,o1WEnRMOFGo,2017,5,2016,30882.0,0.0
2017-06,Gu5PQzqP3oc,Macuba,3268.0,12.3,1.83,24.6,18.9,13.1,0.64,20.98,15.95,0.0,65.7,o1WEnRMOFGo,2017,6,2016,30882.0,0.0
2017-07,Gu5PQzqP3oc,Macuba,3170.0,11.5,1.83,24.4,18.9,13.6,0.6,19.66,11.82,8.25,62.2,o1WEnRMOFGo,2017,7,2016,30882.0,0.0
2017-08,Gu5PQzqP3oc,Macuba,2250.0,12.6,1.83,23.8,18.6,13.6,0.49,49.08,79.06,7.25,68.3,o1WEnRMOFGo,2017,8,2017,30882.0,0.0
2017-09,Gu5PQzqP3oc,Macuba,2641.0,13.5,1.83,24.7,18.6,13.4,0.56,160.22,192.87,116.5,72.3,o1WEnRMOFGo,2017,9,2017,30882.0,0.0
2017-10,Gu5PQzqP3oc,Macuba,2886.0,14.6,1.83,25.0,18.7,14.3,0.63,147.47,237.48,80.5,77.0,o1WEnRMOFGo,2017,10,2017,30882.0,0.0
2017-11,Gu5PQzqP3oc,Macuba,2687.0,14.4,1.83,23.3,18.0,13.8,0.63,170.94,253.66,127.5,79.7,o1WEnRMOFGo,2017,11,2017,30882.0,0.0
2017-12,Gu5PQzqP3oc,Macuba,3524.0,14.5,1.83,23.1,18.3,13.2,0.59,111.19,331.21,26.25,78.4,o1WEnRMOFGo,2017,12,2017,30882.0,0.0
2018-01,Gu5PQzqP3oc,Macuba,4808.0,13.8,1.83,22.7,17.8,13.5,0.61,89.31,181.21,113.0,77.8,o1WEnRMOFGo,2018,1,2017,31615.0,0.0
2018-02,Gu5PQzqP3oc,Macuba,2952.0,14.7,1.83,24.2,18.7,13.6,0.63,143.09,184.24,106.25,77.6,o1WEnRMOFGo,2018,2,2017,31615.0,0.0
2018-03,Gu5PQzqP3oc,Macuba,2248.0,14.5,1.83,23.4,18.4,12.9,0.68,224.2,443.91,113.25,77.9,o1WEnRMOFGo,2018,3,2017,31615.0,0.0
2018-04,Gu5PQzqP3oc,Macuba,1229.0,14.7,1.83,23.3,17.9,13.8,0.67,237.66,646.42,231.5,81.4,o1WEnRMOFGo,2018,4,2017,31615.0,0.0
2018-05,Gu5PQzqP3oc,Macuba,2113.0,13.9,1.83,23.2,18.1,11.8,0.61,155.5,288.72,117.75,76.4,o1WEnRMOFGo,2018,5,2017,31615.0,0.0
2018-06,Gu5PQzqP3oc,Macuba,3307.0,12.1,1.83,24.4,18.2,13.1,0.67,23.7,38.51,18.5,67.2,o1WEnRMOFGo,2018,6,2017,31615.0,0.0
2018-07,Gu5PQzqP3oc,Macuba,3719.0,10.2,1.83,23.8,17.8,12.1,0.59,22.68,16.74,17.0,60.8,o1WEnRMOFGo,2018,7,2017,31615.0,0.0
2018-08,Gu5PQzqP3oc,Macuba,2242.0,12.4,1.83,24.1,18.1,12.6,0.54,70.15,138.52,75.25,69.6,o1WEnRMOFGo,2018,8,2018,31615.0,0.0
2018-09,Gu5PQzqP3oc,Macuba,1842.0,13.6,1.83,25.2,18.8,14.5,0.57,120.18,102.35,74.0,71.6,o1WEnRMOFGo,2018,9,2018,31615.0,0.0
2018-10,Gu5PQzqP3oc,Macuba,2542.0,14.2,1.83,24.5,18.4,13.8,0.52,134.9,328.9,150.25,76.7,o1WEnRMOFGo,2018,10,2018,31615.0,0.0
2018-11,Gu5PQzqP3oc,Macuba,3333.0,14.9,1.83,23.7,18.5,13.3,0.65,167.6,318.72,76.0,79.6,o1WEnRMOFGo,2018,11,2018,31615.0,0.0
2018-12,Gu5PQzqP3oc,Macuba,4921.0,14.6,1.83,22.9,17.9,13.4,0.68,183.26,357.79,177.5,80.9,o1WEnRMOFGo,2018,12,2018,31615.0,0.0
2019-01,Gu5PQzqP3oc,Macuba,4764.0,14.6,1.83,23.9,18.5,13.2,0.7,89.84,255.51,160.5,78.1,o1WEnRMOFGo,2019,1,2018,32074.0,0.0
2019-02,Gu5PQzqP3oc,Macuba,3977.0,14.8,1.83,24.0,18.9,12.8,0.58,61.61,195.22,73.5,77.1,o1WEnRMOFGo,2019,2,2018,32074.0,0.0
2019-03,Gu5PQzqP3oc,Macuba,2498.0,14.7,1.83,24.9,19.0,13.0,0.68,111.33,186.87,120.0,76.2,o1WEnRMOFGo,2019,3,2018,32074.0,0.0
2019-04,Gu5PQzqP3oc,Macuba,2202.0,15.1,1.83,24.1,19.1,14.0,0.58,160.18,428.33,184.25,77.8,o1WEnRMOFGo,2019,4,2018,32074.0,0.0
2019-05,Gu5PQzqP3oc,Macuba,1909.0,14.9,1.83,23.4,18.3,14.1,0.55,157.08,184.28,105.5,80.6,o1WEnRMOFGo,2019,5,2018,32074.0,0.0
2019-06,Gu5PQzqP3oc,Macuba,3297.0,13.7,1.83,23.1,18.1,13.2,0.65,65.63,86.8,114.75,75.4,o1WEnRMOFGo,2019,6,2018,32074.0,0.0
2019-07,Gu5PQzqP3oc,Macuba,5257.0,12.1,1.83,24.3,18.3,12.7,0.66,48.34,44.51,9.75,67.2,o1WEnRMOFGo,2019,7,2018,32074.0,0.0
2019-08,Gu5PQzqP3oc,Macuba,2440.0,12.3,1.83,24.8,18.6,13.3,0.59,35.98,73.84,39.5,66.9,o1WEnRMOFGo,2019,8,2019,32074.0,0.0
2019-09,Gu5PQzqP3oc,Macuba,1958.0,14.0,1.83,24.7,18.8,14.1,0.58,113.28,160.71,100.5,73.2,o1WEnRMOFGo,2019,9,2019,32074.0,0.0
2019-10,Gu5PQzqP3oc,Macuba,1661.0,14.6,1.83,23.9,17.7,13.6,0.36,138.15,532.5,198.25,82.0,o1WEnRMOFGo,2019,10,2019,32074.0,0.0
2019-11,Gu5PQzqP3oc,Macuba,1239.0,14.7,1.83,23.7,18.5,13.7,0.5,171.3,267.34,165.25,78.7,o1WEnRMOFGo,2019,11,2019,32074.0,0.0
2019-12,Gu5PQzqP3oc,Macuba,1686.0,15.0,1.83,23.4,18.1,13.5,0.61,163.82,561.17,281.0,81.9,o1WEnRMOFGo,2019,12,2019,32074.0,0.0
2020-01,Gu5PQzqP3oc,Macuba,2443.0,14.8,1.83,24.3,19.0,14.1,0.66,86.63,206.9,159.25,76.5,o1WEnRMOFGo,2020,1,2019,32540.0,0.0
2020-02,Gu5PQzqP3oc,Macuba,2368.0,15.2,1.83,25.0,19.3,14.1,0.65,78.62,234.65,130.25,77.1,o1WEnRMOFGo,2020,2,2019,32540.0,0.0
2020-03,Gu5PQzqP3oc,Macuba,1447.0,15.4,1.83,24.4,19.2,13.9,0.66,138.63,405.41,196.75,78.9,o1WEnRMOFGo,2020,3,2019,32540.0,0.0
2020-04,Gu5PQzqP3oc,Macuba,1086.0,15.5,1.83,24.9,18.9,14.3,0.7,222.63,548.48,217.75,80.9,o1WEnRMOFGo,2020,4,2019,32540.0,0.0
2020-05,Gu5PQzqP3oc,Macuba,788.0,14.1,1.83,24.6,19.0,13.8,0.55,136.5,290.86,125.0,73.4,o1WEnRMOFGo,2020,5,2019,32540.0,0.0
2020-06,Gu5PQzqP3oc,Macuba,1928.0,12.9,1.83,24.3,18.5,13.5,0.69,35.37,79.65,43.75,70.2,o1WEnRMOFGo,2020,6,2019,32540.0,0.0
2020-07,Gu5PQzqP3oc,Macuba,1576.0,12.2,1.83,24.2,18.1,12.5,0.59,21.83,14.29,1.75,68.0,o1WEnRMOFGo,2020,7,2019,32540.0,0.0
2020-08,Gu5PQzqP3oc,Macuba,1301.0,12.5,1.83,25.5,19.3,12.7,0.49,46.39,61.25,46.0,64.9,o1WEnRMOFGo,2020,8,2020,32540.0,0.0
2020-09,Gu5PQzqP3oc,Macuba,775.0,13.6,1.83,25.1,18.8,12.9,0.56,127.34,158.71,154.25,71.4,o1WEnRMOFGo,2020,9,2020,32540.0,0.0
2020-10,Gu5PQzqP3oc,Macuba,531.0,14.6,1.83,24.2,18.6,14.0,0.52,136.34,341.04,163.75,77.9,o1WEnRMOFGo,2020,10,2020,32540.0,0.0
2020-11,Gu5PQzqP3oc,Macuba,392.0,14.9,1.83,24.1,18.4,13.9,0.56,121.15,476.87,211.0,80.4,o1WEnRMOFGo,2020,11,2020,32540.0,0.0
2020-12,Gu5PQzqP3oc,Macuba,414.0,14.6,1.83,23.4,18.3,12.9,0.71,173.3,311.16,143.25,79.2,o1WEnRMOFGo,2020,12,2020,32540.0,0.0
2021-01,Gu5PQzqP3oc,Macuba,991.0,14.4,1.83,23.5,18.3,14.0,0.7,206.15,208.61,146.25,78.2,o1WEnRMOFGo,2021,1,2020,33292.0,0.0
2021-02,Gu5PQzqP3oc,Macuba,563.0,14.4,1.83,24.5,19.1,14.1,0.65,138.49,191.8,251.75,74.1,o1WEnRMOFGo,2021,2,2020,33292.0,0.0
2021-03,Gu5PQzqP3oc,Macuba,593.0,14.5,1.83,25.1,18.7,12.6,0.68,154.58,339.13,145.0,77.0,o1WEnRMOFGo,2021,3,2020,33292.0,0.0
2021-04,Gu5PQzqP3oc,Macuba,642.0,15.0,1.83,23.9,18.3,13.9,0.54,113.19,435.24,192.75,80.7,o1WEnRMOFGo,2021,4,2020,33292.0,0.0
2021-05,Gu5PQzqP3oc,Macuba,693.0,14.4,1.83,24.0,18.5,14.3,0.65,128.8,249.68,125.0,77.3,o1WEnRMOFGo,2021,5,2020,33292.0,0.0
2021-06,Gu5PQzqP3oc,Macuba,610.0,12.0,1.83,24.4,18.5,13.3,0.67,63.3,23.43,37.75,66.1,o1WEnRMOFGo,2021,6,2020,33292.0,0.0
2021-07,Gu5PQzqP3oc,Macuba,481.0,11.2,1.83,24.4,18.5,14.0,0.65,19.14,11.72,4.75,62.6,o1WEnRMOFGo,2021,7,2020,33292.0,0.0
2021-08,Gu5PQzqP3oc,Macuba,654.0,12.5,1.83,25.0,18.6,13.0,0.56,58.19,93.62,107.5,67.4,o1WEnRMOFGo,2021,8,2021,33292.0,0.0
2021-09,Gu5PQzqP3oc,Macuba,640.0,14.0,1.83,24.3,18.7,14.4,0.55,105.88,293.12,108.75,73.9,o1WEnRMOFGo,2021,9,2021,33292.0,0.0
2021-10,Gu5PQzqP3oc,Macuba,480.0,14.9,1.83,25.3,18.8,14.3,0.61,123.99,375.19,172.75,78.2,o1WEnRMOFGo,2021,10,2021,33292.0,0.0
2021-11,Gu5PQzqP3oc,Macuba,509.0,14.8,1.83,24.9,18.7,14.5,0.68,124.76,355.38,87.5,77.7,o1WEnRMOFGo,2021,11,2021,33292.0,0.0
2021-12,Gu5PQzqP3oc,Macuba,666.0,14.8,1.83,23.6,18.8,14.3,0.5,145.71,225.41,78.75,78.1,o1WEnRMOFGo,2021,12,2021,33292.0,0.0
2022-01,Gu5PQzqP3oc,Macuba,809.0,14.3,1.83,24.8,18.6,13.9,0.7,132.63,180.49,187.5,76.0,o1WEnRMOFGo,2022,1,2021,33319.0,0.0
2022-02,Gu5PQzqP3oc,Macuba,383.0,14.3,1.83,24.1,18.3,13.6,0.66,159.25,193.06,260.5,77.5,o1WEnRMOFGo,2022,2,2021,33319.0,0.0
2022-03,Gu5PQzqP3oc,Macuba,347.0,14.8,1.83,24.7,19.0,13.2,0.65,144.09,245.89,224.5,76.6,o1WEnRMOFGo,2022,3,2021,33319.0,0.0
2022-04,Gu5PQzqP3oc,Macuba,253.0,14.9,1.83,24.5,18.7,13.7,0.63,143.72,614.09,264.75,78.7,o1WEnRMOFGo,2022,4,2021,33319.0,0.0
2022-05,Gu5PQzqP3oc,Macuba,244.0,14.2,1.83,23.9,18.6,14.0,0.65,194.87,183.31,156.5,75.9,o1WEnRMOFGo,2022,5,2021,33319.0,0.0
2022-06,Gu5PQzqP3oc,Macuba,393.0,11.8,1.83,23.8,18.0,12.0,0.68,28.09,15.64,17.75,67.4,o1WEnRMOFGo,2022,6,2021,33319.0,0.0
2022-07,Gu5PQzqP3oc,Macuba,369.0,11.1,1.83,24.3,18.3,12.5,0.59,27.41,51.6,53.25,62.8,o1WEnRMOFGo,2022,7,2021,33319.0,0.0
2022-08,Gu5PQzqP3oc,Macuba,383.0,12.8,1.83,24.2,18.2,14.2,0.54,52.54,131.1,120.5,70.7,o1WEnRMOFGo,2022,8,2022,33319.0,0.0
2022-09,Gu5PQzqP3oc,Macuba,355.0,13.9,1.83,23.7,18.4,13.8,0.52,128.43,162.3,144.75,75.4,o1WEnRMOFGo,2022,9,2022,33319.0,0.0
2022-10,Gu5PQzqP3oc,Macuba,344.0,14.3,1.83,25.3,19.1,14.7,0.58,144.17,160.42,141.75,73.8,o1WEnRMOFGo,2022,10,2022,33319.0,0.0
2022-11,Gu5PQzqP3oc,Macuba,368.0,14.7,1.83,23.2,17.9,14.3,0.58,182.64,461.61,245.75,81.5,o1WEnRMOFGo,2022,11,2022,33319.0,0.0
2022-12,Gu5PQzqP3oc,Macuba,366.0,14.4,1.83,23.0,17.8,13.2,0.71,153.26,345.2,212.25,80.7,o1WEnRMOFGo,2022,12,2022,33319.0,0.0
2023-01,Gu5PQzqP3oc,Macuba,497.0,13.7,1.83,23.5,18.1,13.8,0.66,129.03,177.9,131.0,75.8,o1WEnRMOFGo,2023,1,2022,33954.0,0.0
2023-02,Gu5PQzqP3oc,Macuba,431.0,14.2,1.83,24.6,18.7,13.8,0.67,63.17,140.57,130.75,74.8,o1WEnRMOFGo,2023,2,2022,33954.0,0.0
2023-03,Gu5PQzqP3oc,Macuba,229.0,14.8,1.83,24.9,18.3,13.4,0.62,160.69,537.04,257.5,80.1,o1WEnRMOFGo,2023,3,2022,33954.0,0.0
2023-04,Gu5PQzqP3oc,Macuba,110.0,15.1,1.83,24.0,18.4,13.6,0.66,253.37,481.91,254.0,80.8,o1WEnRMOFGo,2023,4,2022,33954.0,0.0
2023-05,Gu5PQzqP3oc,Macuba,91.0,14.4,1.83,25.3,19.3,14.4,0.74,226.42,153.0,199.25,73.4,o1WEnRMOFGo,2023,5,2022,33954.0,0.0
2023-06,Gu5PQzqP3oc,Macuba,116.0,13.4,1.83,24.2,19.0,13.9,0.7,28.76,33.0,34.5,70.2,o1WEnRMOFGo,2023,6,2022,33954.0,0.0
2023-07,Gu5PQzqP3oc,Macuba,169.0,10.7,1.83,25.2,19.2,12.7,0.64,25.58,3.03,0.0,58.1,o1WEnRMOFGo,2023,7,2022,33954.0,0.0
2023-08,Gu5PQzqP3oc,Macuba,216.0,12.0,1.83,26.2,20.1,14.7,0.53,50.71,13.82,1.0,59.3,o1WEnRMOFGo,2023,8,2023,33954.0,0.0
2023-09,Gu5PQzqP3oc,Macuba,312.0,14.8,1.83,24.4,18.9,14.5,0.63,123.04,344.68,248.5,77.3,o1WEnRMOFGo,2023,9,2023,33954.0,0.0
2023-10,Gu5PQzqP3oc,Macuba,444.0,15.0,1.83,25.7,19.4,14.7,0.6,113.43,268.27,235.75,76.0,o1WEnRMOFGo,2023,10,2023,33954.0,0.0
2023-11,Gu5PQzqP3oc,Macuba,547.0,15.5,1.83,23.6,18.3,14.7,0.65,122.87,599.21,242.0,83.4,o1WEnRMOFGo,2023,11,2023,33954.0,0.0
2023-12,Gu5PQzqP3oc,Macuba,835.0,15.5,1.83,23.9,18.8,14.5,0.76,116.5,442.54,311.5,81.4,o1WEnRMOFGo,2023,12,2023,33954.0,0.0
2024-01,Gu5PQzqP3oc,Macuba,1176.0,14.8,1.83,23.7,18.9,15.1,0.66,108.98,186.34,311.5,77.3,o1WEnRMOFGo,2024,1,2023,34705.0,0.0
2024-02,Gu5PQzqP3oc,Macuba,691.0,15.4,2.13,24.9,19.4,14.0,0.66,68.34,154.72,311.5,77.8,o1WEnRMOFGo,2024,2,2023,34705.0,0.0
2024-03,Gu5PQzqP3oc,Macuba,484.0,15.5,1.76,25.8,20.0,15.1,0.72,110.08,211.7,311.5,75.4,o1WEnRMOFGo,2024,3,2023,34705.0,0.0
2024-04,Gu5PQzqP3oc,Macuba,473.0,16.0,1.58,24.6,19.2,14.6,0.59,206.3,571.66,311.5,81.8,o1WEnRMOFGo,2024,4,2023,34705.0,0.0
2024-05,Gu5PQzqP3oc,Macuba,676.0,15.1,2.24,24.5,19.6,15.4,0.71,83.91,201.84,311.5,75.1,o1WEnRMOFGo,2024,5,2023,34705.0,0.0
2024-06,Gu5PQzqP3oc,Macuba,1034.0,12.2,1.7,24.7,19.1,12.7,0.7,12.77,21.32,311.5,64.4,o1WEnRMOFGo,2024,6,2023,34705.0,0.0
2024-07,Gu5PQzqP3oc,Macuba,978.0,11.3,1.44,25.5,19.8,14.4,0.62,12.85,7.35,311.5,58.0,o1WEnRMOFGo,2024,7,2023,34705.0,0.0
2024-08,Gu5PQzqP3oc,Macuba,823.0,11.9,1.51,25.7,19.8,13.9,0.57,36.56,25.52,311.5,60.6,o1WEnRMOFGo,2024,8,2024,34705.0,0.0
2024-09,Gu5PQzqP3oc,Macuba,860.0,13.1,1.12,26.0,19.9,14.6,0.5,114.99,74.43,311.5,64.52,o1WEnRMOFGo,2024,9,2024,34705.0,0.0
2024-10,Gu5PQzqP3oc,Macuba,1167.0,14.7,1.42,26.0,18.9,14.5,0.54,147.24,278.82,311.5,78.27,o1WEnRMOFGo,2024,10,2024,34705.0,0.0
2024-11,Gu5PQzqP3oc,Macuba,1277.0,15.1,1.6,23.7,18.4,14.7,0.58,285.02,401.46,311.5,82.66,o1WEnRMOFGo,2024,11,2024,34705.0,0.0
2024-12,Gu5PQzqP3oc,Macuba,713.0,14.8,1.36,24.5,18.5,14.4,0.75,112.51,456.1,311.5,80.96,o1WEnRMOFGo,2024,12,2024,34705.0,0.0
2025-01,Gu5PQzqP3oc,Macuba,719.0,14.0,0.36,24.0,18.74,14.3,0.67,241.97,286.93,311.5,75.88,o1WEnRMOFGo,2025,1,2024,34011.0,0.0
2025-02,Gu5PQzqP3oc,Macuba,568.0,14.5,1.58,25.4,19.41,13.5,0.7,226.46,234.66,311.5,74.35,o1WEnRMOFGo,2025,2,2024,34011.0,0.0
2025-03,Gu5PQzqP3oc,Macuba,489.0,14.8,1.56,25.9,19.2,14.1,0.51,210.96,673.21,311.5,70.2,o1WEnRMOFGo,2025,3,2024,34011.0,0.0
2025-04,Gu5PQzqP3oc,Macuba,312.0,14.8,1.78,23.8,18.81,14.3,0.7,410.78,1564.88,311.5,80.2,o1WEnRMOFGo,2025,4,2024,34011.0,0.0
2025-05,Gu5PQzqP3oc,Macuba,267.0,14.8,2.02,23.3,18.53,14.3,0.62,145.25,177.41,311.5,78.19,o1WEnRMOFGo,2025,5,2024,34011.0,0.0
2025-06,Gu5PQzqP3oc,Macuba,208.0,14.8,1.69,23.1,18.35,12.8,0.68,50.55,97.86,311.5,72.68,o1WEnRMOFGo,2025,6,2024,34011.0,0.0
2025-07,Gu5PQzqP3oc,Macuba,247.0,14.8,1.91,23.1,18.22,13.6,0.66,16.92,36.38,311.5,70.02,o1WEnRMOFGo,2025,7,2024,34011.0,0.0
2025-08,Gu5PQzqP3oc,Macuba,166.0,14.8,1.42,24.3,18.5,12.5,0.66,140.95,55.62,311.5,66.91,o1WEnRMOFGo,2025,8,2025,34011.0,0.0
2025-09,Gu5PQzqP3oc,Macuba,128.0,14.8,1.39,24.4,19.42,14.7,0.65,76.05,142.49,311.5,68.1,o1WEnRMOFGo,2025,9,2025,34011.0,0.0
2025-10,Gu5PQzqP3oc,Macuba,90.0,14.8,1.96,23.4,18.75,14.5,0.64,156.26,491.45,311.5,79.98,o1WEnRMOFGo,2025,10,2025,34011.0,0.0
